PASS cmd/scw.Test_MainUsage/usage (0.01s)
PASS cmd/scw.Test_MainUsage (0.00s)
PASS cmd/scw.Test_AllUsage/partner_organization_list_usage (0.00s)
PASS cmd/scw.Test_AllUsage/partner_organization_get_usage (0.00s)
PASS cmd/scw.Test_AllUsage/partner_organization_create_usage (0.00s)
PASS cmd/scw.Test_AllUsage/partner_organization_usage (0.00s)
PASS cmd/scw.Test_AllUsage/partner_usage (0.00s)
PASS cmd/scw.Test_AllUsage/datawarehouse_database_delete_usage (0.00s)
PASS cmd/scw.Test_AllUsage/datawarehouse_database_create_usage (0.00s)
PASS cmd/scw.Test_AllUsage/datawarehouse_database_list_usage (0.00s)
PASS cmd/scw.Test_AllUsage/datawarehouse_endpoint_create_usage (0.00s)
PASS cmd/scw.Test_AllUsage/datawarehouse_endpoint_delete_usage (0.00s)
PASS cmd/scw.Test_AllUsage/datawarehouse_user_delete_usage (0.00s)
PASS cmd/scw.Test_AllUsage/datawarehouse_user_update_usage (0.00s)
PASS cmd/scw.Test_AllUsage/datawarehouse_user_create_usage (0.00s)
PASS cmd/scw.Test_AllUsage/datawarehouse_user_list_usage (0.00s)
PASS cmd/scw.Test_AllUsage/datawarehouse_deployment_get-certificate_usage (0.00s)
PASS cmd/scw.Test_AllUsage/datawarehouse_deployment_delete_usage (0.00s)
PASS cmd/scw.Test_AllUsage/datawarehouse_deployment_update_usage (0.00s)
PASS cmd/scw.Test_AllUsage/datawarehouse_deployment_create_usage (0.00s)
PASS cmd/scw.Test_AllUsage/datawarehouse_deployment_get_usage (0.00s)
PASS cmd/scw.Test_AllUsage/datawarehouse_deployment_list_usage (0.00s)
PASS cmd/scw.Test_AllUsage/datawarehouse_version_list_usage (0.00s)
PASS cmd/scw.Test_AllUsage/datawarehouse_preset_list_usage (0.00s)
PASS cmd/scw.Test_AllUsage/datawarehouse_endpoint_usage (0.00s)
PASS cmd/scw.Test_AllUsage/datawarehouse_database_usage (0.00s)
PASS cmd/scw.Test_AllUsage/datawarehouse_user_usage (0.00s)
PASS cmd/scw.Test_AllUsage/datawarehouse_version_usage (0.00s)
PASS cmd/scw.Test_AllUsage/datawarehouse_preset_usage (0.00s)
PASS cmd/scw.Test_AllUsage/datawarehouse_deployment_usage (0.00s)
PASS cmd/scw.Test_AllUsage/datawarehouse_usage (0.00s)
PASS cmd/scw.Test_AllUsage/datalab_cluster-version_list_usage (0.00s)
PASS cmd/scw.Test_AllUsage/datalab_notebook-version_list_usage (0.00s)
PASS cmd/scw.Test_AllUsage/datalab_node-type_list_usage (0.00s)
PASS cmd/scw.Test_AllUsage/datalab_datalab_delete_usage (0.00s)
PASS cmd/scw.Test_AllUsage/datalab_datalab_update_usage (0.00s)
PASS cmd/scw.Test_AllUsage/datalab_datalab_list_usage (0.00s)
PASS cmd/scw.Test_AllUsage/datalab_datalab_get_usage (0.00s)
PASS cmd/scw.Test_AllUsage/datalab_datalab_create_usage (0.00s)
PASS cmd/scw.Test_AllUsage/audit-trail_event_usage (0.00s)
PASS cmd/scw.Test_AllUsage/datalab_cluster-version_usage (0.00s)
PASS cmd/scw.Test_AllUsage/datalab_notebook-version_usage (0.00s)
PASS cmd/scw.Test_AllUsage/datalab_node-type_usage (0.00s)
PASS cmd/scw.Test_AllUsage/datalab_datalab_usage (0.00s)
PASS cmd/scw.Test_AllUsage/datalab_usage (0.00s)
PASS cmd/scw.Test_AllUsage/searchdb_user_delete_usage (0.00s)
PASS cmd/scw.Test_AllUsage/searchdb_user_update_usage (0.00s)
PASS cmd/scw.Test_AllUsage/searchdb_user_create_usage (0.00s)
PASS cmd/scw.Test_AllUsage/searchdb_user_list_usage (0.00s)
PASS cmd/scw.Test_AllUsage/searchdb_endpoint_delete_usage (0.00s)
PASS cmd/scw.Test_AllUsage/searchdb_endpoint_create_usage (0.00s)
PASS cmd/scw.Test_AllUsage/searchdb_node-types_list_usage (0.00s)
PASS cmd/scw.Test_AllUsage/searchdb_versions_list_usage (0.00s)
PASS cmd/scw.Test_AllUsage/searchdb_deployment_list_usage (0.00s)
PASS cmd/scw.Test_AllUsage/searchdb_deployment_delete_usage (0.00s)
PASS cmd/scw.Test_AllUsage/searchdb_deployment_get_usage (0.00s)
PASS cmd/scw.Test_AllUsage/s2s-vpn_connection_set-routing-policy_usage (0.00s)
PASS cmd/scw.Test_AllUsage/searchdb_deployment_upgrade_usage (0.00s)
PASS cmd/scw.Test_AllUsage/searchdb_deployment_update_usage (0.00s)
PASS cmd/scw.Test_AllUsage/s2s-vpn_connection_renew-psk_usage (0.00s)
PASS cmd/scw.Test_AllUsage/searchdb_deployment_create_usage (0.00s)
PASS cmd/scw.Test_AllUsage/s2s-vpn_connection_delete_usage (0.00s)
PASS cmd/scw.Test_AllUsage/searchdb_endpoint_usage (0.00s)
PASS cmd/scw.Test_AllUsage/s2s-vpn_connection_update_usage (0.00s)
PASS cmd/scw.Test_AllUsage/searchdb_user_usage (0.00s)
PASS cmd/scw.Test_AllUsage/s2s-vpn_connection_create_usage (0.00s)
PASS cmd/scw.Test_AllUsage/searchdb_node-types_usage (0.00s)
PASS cmd/scw.Test_AllUsage/s2s-vpn_connection_get_usage (0.00s)
PASS cmd/scw.Test_AllUsage/searchdb_versions_usage (0.00s)
PASS cmd/scw.Test_AllUsage/s2s-vpn_connection_list_usage (0.00s)
PASS cmd/scw.Test_AllUsage/searchdb_deployment_usage (0.00s)
PASS cmd/scw.Test_AllUsage/s2s-vpn_vpn-gateway_delete_usage (0.00s)
PASS cmd/scw.Test_AllUsage/searchdb_usage (0.00s)
PASS cmd/scw.Test_AllUsage/s2s-vpn_vpn-gateway_update_usage (0.01s)
PASS cmd/scw.Test_AllUsage/s2s-vpn_routing-policy_delete_usage (0.01s)
PASS cmd/scw.Test_AllUsage/audit-trail_usage (0.01s)
PASS cmd/scw.Test_AllUsage/s2s-vpn_routing-policy_update_usage (0.01s)
PASS cmd/scw.Test_AllUsage/s2s-vpn_vpn-gateway_create_usage (0.01s)
PASS cmd/scw.Test_AllUsage/s2s-vpn_routing-policy_create_usage (0.01s)
PASS cmd/scw.Test_AllUsage/s2s-vpn_routing-policy_get_usage (0.01s)
PASS cmd/scw.Test_AllUsage/s2s-vpn_vpn-gateway_get_usage (0.01s)
PASS cmd/scw.Test_AllUsage/s2s-vpn_routing-policy_list_usage (0.01s)
PASS cmd/scw.Test_AllUsage/s2s-vpn_vpn-gateway_list_usage (0.01s)
PASS cmd/scw.Test_AllUsage/s2s-vpn_customer-gateway_delete_usage (0.01s)
PASS cmd/scw.Test_AllUsage/s2s-vpn_vpn-gateway-type_list_usage (0.01s)
PASS cmd/scw.Test_AllUsage/s2s-vpn_routing-policy_usage (0.01s)
PASS cmd/scw.Test_AllUsage/s2s-vpn_customer-gateway_update_usage (0.01s)
PASS cmd/scw.Test_AllUsage/s2s-vpn_customer-gateway_usage (0.01s)
PASS cmd/scw.Test_AllUsage/s2s-vpn_customer-gateway_create_usage (0.01s)
PASS cmd/scw.Test_AllUsage/s2s-vpn_connection_usage (0.00s)
PASS cmd/scw.Test_AllUsage/s2s-vpn_customer-gateway_get_usage (0.00s)
PASS cmd/scw.Test_AllUsage/s2s-vpn_vpn-gateway-type_usage (0.00s)
PASS cmd/scw.Test_AllUsage/s2s-vpn_customer-gateway_list_usage (0.00s)
PASS cmd/scw.Test_AllUsage/s2s-vpn_vpn-gateway_usage (0.00s)
PASS cmd/scw.Test_AllUsage/s2s-vpn_connection_disable-route-propagation_usage (0.00s)
PASS cmd/scw.Test_AllUsage/s2s-vpn_usage (0.00s)
PASS cmd/scw.Test_AllUsage/s2s-vpn_connection_enable-route-propagation_usage (0.00s)
PASS cmd/scw.Test_AllUsage/interlink_routing-policy_delete_usage (0.00s)
PASS cmd/scw.Test_AllUsage/s2s-vpn_connection_detach-routing-policy_usage (0.00s)
PASS cmd/scw.Test_AllUsage/interlink_routing-policy_update_usage (0.00s)
PASS cmd/scw.Test_AllUsage/interlink_routing-policy_create_usage (0.00s)
PASS cmd/scw.Test_AllUsage/interlink_routing-policy_get_usage (0.00s)
PASS cmd/scw.Test_AllUsage/interlink_routing-policy_list_usage (0.00s)
PASS cmd/scw.Test_AllUsage/interlink_link_disable_propagation_usage (0.00s)
PASS cmd/scw.Test_AllUsage/interlink_link_enable_propagation_usage (0.00s)
PASS cmd/scw.Test_AllUsage/interlink_link_detach_policy_usage (0.00s)
PASS cmd/scw.Test_AllUsage/interlink_link_attach_policy_usage (0.00s)
PASS cmd/scw.Test_AllUsage/interlink_link_detach_vpc_usage (0.00s)
PASS cmd/scw.Test_AllUsage/interlink_link_attach_vpc_usage (0.00s)
PASS cmd/scw.Test_AllUsage/edge-services_tls-stage_get_usage (0.00s)
PASS cmd/scw.Test_AllUsage/interlink_link_delete_usage (0.00s)
PASS cmd/scw.Test_AllUsage/edge-services_tls-stage_create_usage (0.00s)
PASS cmd/scw.Test_AllUsage/edge-services_tls-stage_list_usage (0.00s)
PASS cmd/scw.Test_AllUsage/interlink_link_update_usage (0.00s)
PASS cmd/scw.Test_AllUsage/edge-services_dns-stage_delete_usage (0.00s)
PASS cmd/scw.Test_AllUsage/interlink_link_create_usage (0.00s)
PASS cmd/scw.Test_AllUsage/edge-services_dns-stage_update_usage (0.00s)
PASS cmd/scw.Test_AllUsage/interlink_link_get_usage (0.00s)
PASS cmd/scw.Test_AllUsage/edge-services_dns-stage_get_usage (0.00s)
PASS cmd/scw.Test_AllUsage/interlink_link_list_usage (0.00s)
PASS cmd/scw.Test_AllUsage/edge-services_dns-stage_create_usage (0.00s)
PASS cmd/scw.Test_AllUsage/interlink_pop_get_usage (0.00s)
PASS cmd/scw.Test_AllUsage/edge-services_dns-stage_list_usage (0.00s)
PASS cmd/scw.Test_AllUsage/interlink_pop_list_usage (0.00s)
PASS cmd/scw.Test_AllUsage/edge-services_pipeline_set-head_usage (0.00s)
PASS cmd/scw.Test_AllUsage/interlink_partner_get_usage (0.00s)
PASS cmd/scw.Test_AllUsage/edge-services_pipeline_list-head_usage (0.00s)
PASS cmd/scw.Test_AllUsage/interlink_partner_list_usage (0.00s)
PASS cmd/scw.Test_AllUsage/edge-services_pipeline_delete_usage (0.00s)
PASS cmd/scw.Test_AllUsage/mongodb_instance_wait_usage (0.00s)
PASS cmd/scw.Test_AllUsage/edge-services_pipeline_update_usage (0.00s)
PASS cmd/scw.Test_AllUsage/interlink_routing-policy_usage (0.00s)
PASS cmd/scw.Test_AllUsage/mongodb_endpoint_create_usage (0.00s)
PASS cmd/scw.Test_AllUsage/interlink_link_usage (0.00s)
PASS cmd/scw.Test_AllUsage/edge-services_pipeline_get_usage (0.00s)
PASS cmd/scw.Test_AllUsage/interlink_connection_usage (0.00s)
PASS cmd/scw.Test_AllUsage/mongodb_endpoint_delete_usage (0.00s)
PASS cmd/scw.Test_AllUsage/edge-services_pipeline_create_usage (0.00s)
PASS cmd/scw.Test_AllUsage/interlink_pop_usage (0.00s)
PASS cmd/scw.Test_AllUsage/edge-services_pipeline_list_usage (0.00s)
PASS cmd/scw.Test_AllUsage/mongodb_user_set-role_usage (0.00s)
PASS cmd/scw.Test_AllUsage/interlink_partner_usage (0.00s)
PASS cmd/scw.Test_AllUsage/edge-services_purge-request_usage (0.00s)
PASS cmd/scw.Test_AllUsage/ipam_ip_update_usage (0.00s)
PASS cmd/scw.Test_AllUsage/interlink_usage (0.00s)
PASS cmd/scw.Test_AllUsage/edge-services_backend-stage_usage (0.00s)
PASS cmd/scw.Test_AllUsage/mongodb_user_delete_usage (0.00s)
PASS cmd/scw.Test_AllUsage/audit-trail_product_list_usage (0.00s)
PASS cmd/scw.Test_AllUsage/edge-services_route-rules_usage (0.00s)
PASS cmd/scw.Test_AllUsage/mongodb_user_update_usage (0.00s)
PASS cmd/scw.Test_AllUsage/edge-services_route-stage_usage (0.00s)
PASS cmd/scw.Test_AllUsage/audit-trail_event_list_usage (0.00s)
PASS cmd/scw.Test_AllUsage/mongodb_user_create_usage (0.00s)
PASS cmd/scw.Test_AllUsage/edge-services_waf-stage_usage (0.00s)
PASS cmd/scw.Test_AllUsage/audit-trail_product_usage (0.00s)
PASS cmd/scw.Test_AllUsage/mongodb_user_list_usage (0.00s)
PASS cmd/scw.Test_AllUsage/edge-services_cache-stage_usage (0.00s)
PASS cmd/scw.Test_AllUsage/iam_usage (0.00s)
PASS cmd/scw.Test_AllUsage/edge-services_tls-stage_usage (0.00s)
PASS cmd/scw.Test_AllUsage/mongodb_snapshot_delete_usage (0.00s)
PASS cmd/scw.Test_AllUsage/cockpit_data-source_usage (0.00s)
PASS cmd/scw.Test_AllUsage/mongodb_snapshot_list_usage (0.00s)
PASS cmd/scw.Test_AllUsage/mongodb_snapshot_restore_usage (0.00s)
PASS cmd/scw.Test_AllUsage/cockpit_plan_usage (0.00s)
PASS cmd/scw.Test_AllUsage/mongodb_snapshot_update_usage (0.00s)
PASS cmd/scw.Test_AllUsage/cockpit_product-dashboards_usage (0.00s)
PASS cmd/scw.Test_AllUsage/mongodb_snapshot_get_usage (0.00s)
PASS cmd/scw.Test_AllUsage/cockpit_grafana-user_usage (0.00s)
PASS cmd/scw.Test_AllUsage/cockpit_grafana_usage (0.00s)
PASS cmd/scw.Test_AllUsage/ipam_ip_delete_usage (0.00s)
PASS cmd/scw.Test_AllUsage/webhosting_freedomain_check-availability_usage (0.00s)
PASS cmd/scw.Test_AllUsage/cockpit_usage (0.00s)
PASS cmd/scw.Test_AllUsage/ipam_ip_create_usage (0.00s)
PASS cmd/scw.Test_AllUsage/edge-services_dns-stage_usage (0.00s)
PASS cmd/scw.Test_AllUsage/ipam_ip-set_usage (0.00s)
PASS cmd/scw.Test_AllUsage/edge-services_pipeline_usage (0.00s)
PASS cmd/scw.Test_AllUsage/ipam_ip_usage (0.00s)
PASS cmd/scw.Test_AllUsage/baremetal_private-network_delete_usage (0.00s)
PASS cmd/scw.Test_AllUsage/edge-services_plan_usage (0.00s)
PASS cmd/scw.Test_AllUsage/baremetal_private-network_list_usage (0.00s)
PASS cmd/scw.Test_AllUsage/edge-services_usage (0.00s)
PASS cmd/scw.Test_AllUsage/ipam_usage (0.00s)
PASS cmd/scw.Test_AllUsage/sdb-sql_backup_export_usage (0.00s)
PASS cmd/scw.Test_AllUsage/baremetal_private-network_set_usage (0.00s)
PASS cmd/scw.Test_AllUsage/block_snapshot_wait_usage (0.00s)
PASS cmd/scw.Test_AllUsage/sdb-sql_backup_list_usage (0.00s)
PASS cmd/scw.Test_AllUsage/baremetal_private-network_add_usage (0.00s)
PASS cmd/scw.Test_AllUsage/sdb-sql_backup_get_usage (0.00s)
PASS cmd/scw.Test_AllUsage/block_volume_wait_usage (0.00s)
PASS cmd/scw.Test_AllUsage/baremetal_private-network_usage (0.00s)
PASS cmd/scw.Test_AllUsage/sdb-sql_database_restore_usage (0.00s)
PASS cmd/scw.Test_AllUsage/block_snapshot_update_usage (0.00s)
PASS cmd/scw.Test_AllUsage/baremetal_usage#01 (0.00s)
PASS cmd/scw.Test_AllUsage/sdb-sql_database_update_usage (0.00s)
PASS cmd/scw.Test_AllUsage/block_snapshot_delete_usage (0.00s)
PASS cmd/scw.Test_AllUsage/block_snapshot_export-to-object-storage_usage (0.00s)
PASS cmd/scw.Test_AllUsage/baremetal_server_add-flexible-ip_usage (0.00s)
PASS cmd/scw.Test_AllUsage/block_snapshot_import-from-object-storage_usage (0.00s)
PASS cmd/scw.Test_AllUsage/sdb-sql_database_list_usage (0.00s)
PASS cmd/scw.Test_AllUsage/block_snapshot_create_usage (0.00s)
PASS cmd/scw.Test_AllUsage/sdb-sql_database_delete_usage (0.00s)
PASS cmd/scw.Test_AllUsage/baremetal_server_wait_usage (0.00s)
PASS cmd/scw.Test_AllUsage/block_snapshot_get_usage (0.00s)
PASS cmd/scw.Test_AllUsage/sdb-sql_database_get_usage (0.00s)
PASS cmd/scw.Test_AllUsage/baremetal_os_get_usage (0.00s)
PASS cmd/scw.Test_AllUsage/block_snapshot_list_usage (0.00s)
PASS cmd/scw.Test_AllUsage/sdb-sql_database_create_usage (0.00s)
PASS cmd/scw.Test_AllUsage/baremetal_os_list_usage (0.00s)
PASS cmd/scw.Test_AllUsage/block_volume_update_usage (0.00s)
PASS cmd/scw.Test_AllUsage/sdb-sql_version_usage (0.00s)
PASS cmd/scw.Test_AllUsage/baremetal_settings_update_usage (0.00s)
PASS cmd/scw.Test_AllUsage/block_volume_delete_usage (0.00s)
PASS cmd/scw.Test_AllUsage/sdb-sql_backup_usage (0.00s)
PASS cmd/scw.Test_AllUsage/baremetal_settings_list_usage (0.00s)
PASS cmd/scw.Test_AllUsage/block_volume_get_usage (0.00s)
PASS cmd/scw.Test_AllUsage/sdb-sql_database_usage (0.00s)
PASS cmd/scw.Test_AllUsage/baremetal_options_list_usage (0.00s)
PASS cmd/scw.Test_AllUsage/mongodb_snapshot_create_usage (0.00s)
PASS cmd/scw.Test_AllUsage/block_volume_create_usage (0.00s)
PASS cmd/scw.Test_AllUsage/baremetal_options_get_usage (0.00s)
PASS cmd/scw.Test_AllUsage/block_volume_list_usage (0.00s)
PASS cmd/scw.Test_AllUsage/sdb-sql_usage (0.00s)
PASS cmd/scw.Test_AllUsage/baremetal_offer_get_usage (0.00s)
PASS cmd/scw.Test_AllUsage/jobs_run_wait_usage (0.00s)
PASS cmd/scw.Test_AllUsage/block_volume-type_list_usage (0.00s)
PASS cmd/scw.Test_AllUsage/baremetal_offer_list_usage (0.00s)
PASS cmd/scw.Test_AllUsage/jobs_trigger_delete_usage (0.00s)
PASS cmd/scw.Test_AllUsage/baremetal_options_delete_usage (0.00s)
PASS cmd/scw.Test_AllUsage/jobs_trigger_update_usage (0.00s)
PASS cmd/scw.Test_AllUsage/baremetal_options_add_usage (0.00s)
PASS cmd/scw.Test_AllUsage/jobs_trigger_list_usage (0.00s)
PASS cmd/scw.Test_AllUsage/baremetal_server_update-ip_usage (0.00s)
PASS cmd/scw.Test_AllUsage/jobs_trigger_get_usage (0.00s)
PASS cmd/scw.Test_AllUsage/jobs_trigger_create_usage (0.00s)
PASS cmd/scw.Test_AllUsage/baremetal_bmc_stop_usage (0.00s)
PASS cmd/scw.Test_AllUsage/jobs_secret_delete_usage (0.00s)
PASS cmd/scw.Test_AllUsage/baremetal_bmc_get_usage (0.00s)
PASS cmd/scw.Test_AllUsage/jobs_secret_update_usage (0.00s)
PASS cmd/scw.Test_AllUsage/baremetal_bmc_start_usage (0.00s)
PASS cmd/scw.Test_AllUsage/jobs_secret_list_usage (0.00s)
PASS cmd/scw.Test_AllUsage/baremetal_server_list-events_usage (0.00s)
PASS cmd/scw.Test_AllUsage/jobs_secret_get_usage (0.00s)
PASS cmd/scw.Test_AllUsage/baremetal_server_stop_usage (0.00s)
PASS cmd/scw.Test_AllUsage/jobs_secret_create_usage (0.00s)
PASS cmd/scw.Test_AllUsage/baremetal_server_start_usage (0.00s)
PASS cmd/scw.Test_AllUsage/jobs_run_stop_usage (0.00s)
PASS cmd/scw.Test_AllUsage/baremetal_server_reboot_usage (0.00s)
PASS cmd/scw.Test_AllUsage/jobs_run_list_usage (0.00s)
PASS cmd/scw.Test_AllUsage/baremetal_server_delete_usage (0.00s)
PASS cmd/scw.Test_AllUsage/jobs_run_get_usage (0.00s)
PASS cmd/scw.Test_AllUsage/webhosting_hosting_create-session_usage (0.00s)
PASS cmd/scw.Test_AllUsage/baremetal_server_get-metrics_usage (0.00s)
PASS cmd/scw.Test_AllUsage/jobs_definition_start_usage (0.00s)
PASS cmd/scw.Test_AllUsage/webhosting_hosting_delete_usage (0.00s)
PASS cmd/scw.Test_AllUsage/baremetal_server_install_usage (0.00s)
PASS cmd/scw.Test_AllUsage/jobs_definition_delete_usage (0.00s)
PASS cmd/scw.Test_AllUsage/webhosting_hosting_update_usage (0.00s)
PASS cmd/scw.Test_AllUsage/baremetal_server_update_usage (0.00s)
PASS cmd/scw.Test_AllUsage/jobs_definition_update_usage (0.00s)
PASS cmd/scw.Test_AllUsage/webhosting_hosting_get_usage (0.00s)
PASS cmd/scw.Test_AllUsage/block_snapshot_usage (0.00s)
PASS cmd/scw.Test_AllUsage/baremetal_server_batch-create_usage (0.00s)
PASS cmd/scw.Test_AllUsage/jobs_definition_list_usage (0.00s)
PASS cmd/scw.Test_AllUsage/tem_domain_list_usage (0.00s)
PASS cmd/scw.Test_AllUsage/webhosting_hosting_list_usage (0.00s)
PASS cmd/scw.Test_AllUsage/baremetal_server_create_usage (0.00s)
PASS cmd/scw.Test_AllUsage/block_volume_usage (0.00s)
PASS cmd/scw.Test_AllUsage/webhosting_hosting_create_usage (0.00s)
PASS cmd/scw.Test_AllUsage/baremetal_server_get_usage (0.00s)
PASS cmd/scw.Test_AllUsage/jobs_definition_get_usage (0.00s)
PASS cmd/scw.Test_AllUsage/baremetal_server_list_usage (0.00s)
PASS cmd/scw.Test_AllUsage/block_volume-type_usage (0.00s)
PASS cmd/scw.Test_AllUsage/tem_domain_get_usage (0.00s)
PASS cmd/scw.Test_AllUsage/jobs_definition_create_usage (0.00s)
PASS cmd/scw.Test_AllUsage/block_usage (0.00s)
PASS cmd/scw.Test_AllUsage/baremetal_partitioning-schemas_usage (0.00s)
PASS cmd/scw.Test_AllUsage/jobs_trigger_usage (0.00s)
PASS cmd/scw.Test_AllUsage/mnq_nats_create-context_usage (0.00s)
PASS cmd/scw.Test_AllUsage/baremetal_settings_usage (0.00s)
PASS cmd/scw.Test_AllUsage/mnq_sqs_list-credentials_usage (0.00s)
PASS cmd/scw.Test_AllUsage/webhosting_offer_list_usage (0.00s)
PASS cmd/scw.Test_AllUsage/baremetal_options_usage (0.00s)
PASS cmd/scw.Test_AllUsage/webhosting_domain_get_usage (0.00s)
PASS cmd/scw.Test_AllUsage/mnq_sqs_get-credentials_usage (0.00s)
PASS cmd/scw.Test_AllUsage/baremetal_bmc_usage (0.00s)
PASS cmd/scw.Test_AllUsage/webhosting_domain-availability_search_usage (0.00s)
PASS cmd/scw.Test_AllUsage/mnq_sqs_update-credentials_usage (0.00s)
PASS cmd/scw.Test_AllUsage/baremetal_os_usage (0.00s)
PASS cmd/scw.Test_AllUsage/webhosting_domain_sync-dns-records_usage (0.00s)
PASS cmd/scw.Test_AllUsage/mnq_sqs_delete-credentials_usage (0.00s)
PASS cmd/scw.Test_AllUsage/jobs_secret_usage (0.00s)
PASS cmd/scw.Test_AllUsage/baremetal_offer_usage (0.00s)
PASS cmd/scw.Test_AllUsage/mnq_sqs_create-credentials_usage (0.00s)
PASS cmd/scw.Test_AllUsage/webhosting_domain_check-ownership_usage (0.00s)
PASS cmd/scw.Test_AllUsage/jobs_definition_usage (0.00s)
PASS cmd/scw.Test_AllUsage/baremetal_server_usage (0.00s)
PASS cmd/scw.Test_AllUsage/webhosting_dns-records_get-dns-records_usage (0.00s)
PASS cmd/scw.Test_AllUsage/mnq_sqs_deactivate_usage (0.00s)
PASS cmd/scw.Test_AllUsage/baremetal_usage (0.00s)
PASS cmd/scw.Test_AllUsage/jobs_run_usage (0.00s)
PASS cmd/scw.Test_AllUsage/webhosting_database-user_unassign_usage (0.00s)
PASS cmd/scw.Test_AllUsage/mnq_sqs_get-info_usage (0.00s)
PASS cmd/scw.Test_AllUsage/jobs_usage (0.00s)
PASS cmd/scw.Test_AllUsage/webhosting_database-user_assign_usage (0.00s)
PASS cmd/scw.Test_AllUsage/mnq_sqs_activate_usage (0.00s)
PASS cmd/scw.Test_AllUsage/ipam_ip_move_usage (0.00s)
PASS cmd/scw.Test_AllUsage/webhosting_database-user_change-password_usage (0.00s)
PASS cmd/scw.Test_AllUsage/mnq_sns_list-credentials_usage (0.00s)
PASS cmd/scw.Test_AllUsage/ipam_ip_detach_usage (0.00s)
PASS cmd/scw.Test_AllUsage/mnq_sns_get-credentials_usage (0.00s)
PASS cmd/scw.Test_AllUsage/webhosting_database-user_delete_usage (0.00s)
PASS cmd/scw.Test_AllUsage/ipam_ip_attach_usage (0.00s)
PASS cmd/scw.Test_AllUsage/mnq_sns_update-credentials_usage (0.00s)
PASS cmd/scw.Test_AllUsage/ipam_ip_list_usage (0.00s)
PASS cmd/scw.Test_AllUsage/mnq_sns_delete-credentials_usage (0.00s)
PASS cmd/scw.Test_AllUsage/webhosting_database-user_get_usage (0.00s)
PASS cmd/scw.Test_AllUsage/mnq_sns_create-credentials_usage (0.00s)
PASS cmd/scw.Test_AllUsage/alias_create_usage (0.00s)
PASS cmd/scw.Test_AllUsage/webhosting_database-user_list_usage (0.00s)
PASS cmd/scw.Test_AllUsage/mnq_sns_deactivate_usage (0.00s)
PASS cmd/scw.Test_AllUsage/ipam_ip_get_usage (0.00s)
PASS cmd/scw.Test_AllUsage/webhosting_database-user_create_usage (0.00s)
PASS cmd/scw.Test_AllUsage/mnq_sns_get-info_usage (0.00s)
PASS cmd/scw.Test_AllUsage/ipam_ip-set_release_usage (0.00s)
PASS cmd/scw.Test_AllUsage/mnq_sns_activate_usage (0.00s)
PASS cmd/scw.Test_AllUsage/webhosting_database_delete_usage (0.00s)
PASS cmd/scw.Test_AllUsage/mnq_nats_list-credentials_usage (0.00s)
PASS cmd/scw.Test_AllUsage/webhosting_database_get_usage (0.00s)
PASS cmd/scw.Test_AllUsage/mnq_nats_get-credentials_usage (0.00s)
PASS cmd/scw.Test_AllUsage/webhosting_database_list_usage (0.00s)
PASS cmd/scw.Test_AllUsage/mnq_nats_delete-credentials_usage (0.00s)
PASS cmd/scw.Test_AllUsage/mnq_nats_create-credentials_usage (0.00s)
PASS cmd/scw.Test_AllUsage/webhosting_database_create_usage (0.00s)
PASS cmd/scw.Test_AllUsage/mnq_nats_list-accounts_usage (0.00s)
PASS cmd/scw.Test_AllUsage/webhosting_control-panel_list_usage (0.00s)
PASS cmd/scw.Test_AllUsage/redis_acl_get_usage (0.00s)
PASS cmd/scw.Test_AllUsage/mnq_nats_get-account_usage (0.00s)
PASS cmd/scw.Test_AllUsage/webhosting_progress_list_usage (0.00s)
PASS cmd/scw.Test_AllUsage/redis_acl_delete_usage (0.00s)
PASS cmd/scw.Test_AllUsage/mnq_nats_update-account_usage (0.00s)
PASS cmd/scw.Test_AllUsage/webhosting_progress_get_usage (0.00s)
PASS cmd/scw.Test_AllUsage/instance_template_create-server_usage (0.00s)
PASS cmd/scw.Test_AllUsage/mnq_nats_delete-account_usage (0.00s)
PASS cmd/scw.Test_AllUsage/instance_template_check_usage (0.00s)
PASS cmd/scw.Test_AllUsage/redis_acl_add_usage (0.00s)
PASS cmd/scw.Test_AllUsage/mnq_nats_create-account_usage (0.00s)
PASS cmd/scw.Test_AllUsage/webhosting_backup-item_restore_usage (0.00s)
PASS cmd/scw.Test_AllUsage/instance_template_set-cloud-init_usage (0.00s)
PASS cmd/scw.Test_AllUsage/redis_acl_set_usage (0.00s)
PASS cmd/scw.Test_AllUsage/mnq_sqs_usage (0.00s)
PASS cmd/scw.Test_AllUsage/instance_template_get-cloud-init_usage (0.00s)
PASS cmd/scw.Test_AllUsage/webhosting_backup-item_list_usage (0.00s)
PASS cmd/scw.Test_AllUsage/redis_setting_set_usage (0.00s)
PASS cmd/scw.Test_AllUsage/instance_template_delete-user-data_usage (0.00s)
PASS cmd/scw.Test_AllUsage/redis_setting_delete_usage (0.00s)
PASS cmd/scw.Test_AllUsage/instance_template_set-user-data_usage (0.00s)
PASS cmd/scw.Test_AllUsage/redis_setting_add_usage (0.00s)
PASS cmd/scw.Test_AllUsage/instance_template_get-user-data_usage (0.00s)
PASS cmd/scw.Test_AllUsage/redis_cluster_renew-certificate_usage (0.00s)
PASS cmd/scw.Test_AllUsage/mnq_sns_usage (0.00s)
PASS cmd/scw.Test_AllUsage/redis_cluster_get-certificate_usage (0.00s)
PASS cmd/scw.Test_AllUsage/mnq_nats_usage (0.00s)
PASS cmd/scw.Test_AllUsage/instance_template_list-user-data-keys_usage (0.00s)
PASS cmd/scw.Test_AllUsage/mnq_usage (0.00s)
PASS cmd/scw.Test_AllUsage/mongodb_instance_get-certificate_usage (0.00s)
PASS cmd/scw.Test_AllUsage/redis_version_list_usage (0.00s)
PASS cmd/scw.Test_AllUsage/mongodb_instance_upgrade_usage (0.00s)
PASS cmd/scw.Test_AllUsage/mongodb_instance_delete_usage (0.00s)
PASS cmd/scw.Test_AllUsage/function_trigger_update_usage (0.00s)
PASS cmd/scw.Test_AllUsage/mongodb_instance_update_usage (0.00s)
PASS cmd/scw.Test_AllUsage/instance_template_delete_usage (0.00s)
PASS cmd/scw.Test_AllUsage/mongodb_instance_create_usage (0.13s)
PASS cmd/scw.Test_AllUsage/instance_template_update_usage (0.00s)
PASS cmd/scw.Test_AllUsage/mongodb_instance_get_usage (0.00s)
PASS cmd/scw.Test_AllUsage/instance_template_get_usage (0.00s)
PASS cmd/scw.Test_AllUsage/webhosting_backup_restore_usage (0.00s)
PASS cmd/scw.Test_AllUsage/instance_template_create_usage (0.00s)
PASS cmd/scw.Test_AllUsage/mongodb_instance_list_usage (0.00s)
PASS cmd/scw.Test_AllUsage/webhosting_backup_get_usage (0.00s)
PASS cmd/scw.Test_AllUsage/mongodb_version_list_usage (0.00s)
PASS cmd/scw.Test_AllUsage/instance_template_list_usage (0.00s)
PASS cmd/scw.Test_AllUsage/webhosting_backup_list_usage (0.00s)
PASS cmd/scw.Test_AllUsage/mongodb_node-type_list_usage (0.00s)
PASS cmd/scw.Test_AllUsage/instance_placement-group_delete_usage (0.00s)
PASS cmd/scw.Test_AllUsage/webhosting_website_usage (0.00s)
PASS cmd/scw.Test_AllUsage/mongodb_endpoint_usage (0.00s)
PASS cmd/scw.Test_AllUsage/instance_placement-group_update_usage (0.00s)
PASS cmd/scw.Test_AllUsage/webhosting_mail-account_usage (0.00s)
PASS cmd/scw.Test_AllUsage/mongodb_user_usage (0.00s)
PASS cmd/scw.Test_AllUsage/tem_domain_create_usage (0.00s)
PASS cmd/scw.Test_AllUsage/mongodb_snapshot_usage (0.00s)
PASS cmd/scw.Test_AllUsage/webhosting_ftp-account_usage (0.00s)
PASS cmd/scw.Test_AllUsage/mongodb_instance_usage (0.00s)
PASS cmd/scw.Test_AllUsage/tem_email_cancel_usage (0.00s)
PASS cmd/scw.Test_AllUsage/mongodb_version_usage (0.00s)
PASS cmd/scw.Test_AllUsage/tem_email_get-statistics_usage (0.00s)
PASS cmd/scw.Test_AllUsage/mongodb_node-type_usage (0.00s)
PASS cmd/scw.Test_AllUsage/tem_email_list_usage (0.00s)
PASS cmd/scw.Test_AllUsage/webhosting_freedomain_usage (0.00s)
PASS cmd/scw.Test_AllUsage/mongodb_usage (0.00s)
PASS cmd/scw.Test_AllUsage/tem_email_get_usage (0.00s)
PASS cmd/scw.Test_AllUsage/webhosting_hosting_usage (0.00s)
PASS cmd/scw.Test_AllUsage/login_usage (0.00s)
PASS cmd/scw.Test_AllUsage/webhosting_offer_usage (0.00s)
PASS cmd/scw.Test_AllUsage/function_trigger_list_usage (0.00s)
PASS cmd/scw.Test_AllUsage/edge-services_route-rules_edit_usage (0.00s)
PASS cmd/scw.Test_AllUsage/instance_placement-group_get_usage (0.00s)
PASS cmd/scw.Test_AllUsage/webhosting_domain-availability_usage (0.00s)
PASS cmd/scw.Test_AllUsage/tem_email_create_usage (0.00s)
PASS cmd/scw.Test_AllUsage/instance_placement-group_create_usage (0.00s)
PASS cmd/scw.Test_AllUsage/webhosting_domain_usage (0.00s)
PASS cmd/scw.Test_AllUsage/tem_project-consumption_usage (0.00s)
PASS cmd/scw.Test_AllUsage/redis_node-type_list_usage (0.00s)
PASS cmd/scw.Test_AllUsage/webhosting_dns-records_usage (0.00s)
PASS cmd/scw.Test_AllUsage/tem_pools_usage (0.00s)
PASS cmd/scw.Test_AllUsage/edge-services_plan_delete_usage (0.00s)
PASS cmd/scw.Test_AllUsage/function_trigger_get_usage (0.00s)
PASS cmd/scw.Test_AllUsage/webhosting_database-user_usage (0.00s)
PASS cmd/scw.Test_AllUsage/webhosting_database_usage (0.00s)
PASS cmd/scw.Test_AllUsage/redis_cluster_metrics_usage (0.00s)
PASS cmd/scw.Test_AllUsage/tem_offer-subscriptions_usage (0.00s)
PASS cmd/scw.Test_AllUsage/webhosting_control-panel_usage (0.00s)
PASS cmd/scw.Test_AllUsage/tem_offers_usage (0.00s)
PASS cmd/scw.Test_AllUsage/redis_cluster_delete_usage (0.00s)
PASS cmd/scw.Test_AllUsage/webhosting_progress_usage (0.00s)
PASS cmd/scw.Test_AllUsage/redis_cluster_migrate_usage (0.00s)
PASS cmd/scw.Test_AllUsage/edge-services_plan_get_usage (0.00s)
PASS cmd/scw.Test_AllUsage/webhosting_backup-item_usage (0.00s)
PASS cmd/scw.Test_AllUsage/tem_blocklists_usage (0.00s)
PASS cmd/scw.Test_AllUsage/edge-services_plan_select_usage (0.00s)
PASS cmd/scw.Test_AllUsage/redis_cluster_list_usage (0.00s)
PASS cmd/scw.Test_AllUsage/webhosting_backup_usage (0.00s)
PASS cmd/scw.Test_AllUsage/billing_charge_list_usage (0.00s)
PASS cmd/scw.Test_AllUsage/tem_project-settings_usage (0.00s)
PASS cmd/scw.Test_AllUsage/redis_cluster_get_usage (0.00s)
PASS cmd/scw.Test_AllUsage/webhosting_usage (0.00s)
PASS cmd/scw.Test_AllUsage/edge-services_plan_list_usage (0.00s)
PASS cmd/scw.Test_AllUsage/tem_webhook_usage (0.00s)
PASS cmd/scw.Test_AllUsage/alias_delete_usage (0.00s)
PASS cmd/scw.Test_AllUsage/billing_discount_list_usage (0.00s)
PASS cmd/scw.Test_AllUsage/edge-services_purge-request_get_usage (0.00s)
PASS cmd/scw.Test_AllUsage/billing_invoice_download_usage (0.00s)
PASS cmd/scw.Test_AllUsage/alias_list_usage (0.00s)
PASS cmd/scw.Test_AllUsage/edge-services_purge-request_create_usage (0.00s)
PASS cmd/scw.Test_AllUsage/instance_placement-group_list_usage (0.00s)
PASS cmd/scw.Test_AllUsage/billing_invoice_get_usage (0.00s)
PASS cmd/scw.Test_AllUsage/vpc-gw_gateway_upgrade_usage (0.00s)
PASS cmd/scw.Test_AllUsage/edge-services_purge-request_list_usage (0.00s)
PASS cmd/scw.Test_AllUsage/redis_cluster_update_usage (0.00s)
PASS cmd/scw.Test_AllUsage/instance_template_usage (0.00s)
PASS cmd/scw.Test_AllUsage/alias_usage (0.00s)
PASS cmd/scw.Test_AllUsage/billing_invoice_export_usage (0.00s)
PASS cmd/scw.Test_AllUsage/redis_cluster_create_usage (0.00s)
PASS cmd/scw.Test_AllUsage/instance_placement-group_usage (0.00s)
PASS cmd/scw.Test_AllUsage/billing_invoice_list_usage (0.00s)
PASS cmd/scw.Test_AllUsage/tem_project-consumption_get_usage (0.00s)
PASS cmd/scw.Test_AllUsage/instance_server_get-rdp-password_usage (0.00s)
PASS cmd/scw.Test_AllUsage/billing_consumption_list-taxes_usage (0.00s)
PASS cmd/scw.Test_AllUsage/tem_pools_list_usage (0.00s)
PASS cmd/scw.Test_AllUsage/instance_ssh_remove-key_usage (0.00s)
PASS cmd/scw.Test_AllUsage/billing_consumption_list_usage (0.00s)
PASS cmd/scw.Test_AllUsage/redis_endpoint_usage (0.00s)
PASS cmd/scw.Test_AllUsage/tem_offers_list_usage (0.00s)
PASS cmd/scw.Test_AllUsage/billing_charge_usage (0.00s)
PASS cmd/scw.Test_AllUsage/instance_ssh_list-keys_usage (0.00s)
PASS cmd/scw.Test_AllUsage/redis_acl_usage (0.00s)
PASS cmd/scw.Test_AllUsage/edge-services_route-rules_add_usage (0.00s)
PASS cmd/scw.Test_AllUsage/billing_discount_usage (0.00s)
PASS cmd/scw.Test_AllUsage/tem_offer-subscriptions_update_usage (0.00s)
PASS cmd/scw.Test_AllUsage/redis_setting_usage (0.00s)
PASS cmd/scw.Test_AllUsage/billing_consumption_usage (0.00s)
PASS cmd/scw.Test_AllUsage/instance_ssh_fetch-keys_usage (0.00s)
PASS cmd/scw.Test_AllUsage/tem_offer-subscriptions_list_usage (0.00s)
PASS cmd/scw.Test_AllUsage/billing_invoice_usage (0.00s)
PASS cmd/scw.Test_AllUsage/instance_ssh_install-config_usage (0.00s)
PASS cmd/scw.Test_AllUsage/tem_blocklists_delete_usage (0.00s)
PASS cmd/scw.Test_AllUsage/tem_domain_usage (0.00s)
PASS cmd/scw.Test_AllUsage/instance_ssh_add-key_usage (0.00s)
PASS cmd/scw.Test_AllUsage/edge-services_route-rules_set_usage (0.00s)
PASS cmd/scw.Test_AllUsage/tem_blocklists_create_usage (0.00s)
PASS cmd/scw.Test_AllUsage/tem_email_usage (0.00s)
PASS cmd/scw.Test_AllUsage/instance_ssh_usage (0.00s)
PASS cmd/scw.Test_AllUsage/billing_usage (0.00s)
PASS cmd/scw.Test_AllUsage/tem_blocklists_list_usage (0.00s)
PASS cmd/scw.Test_AllUsage/edge-services_route-rules_list_usage (0.00s)
PASS cmd/scw.Test_AllUsage/instance_security-group_edit_usage (0.00s)
PASS cmd/scw.Test_AllUsage/webhosting_website_list_usage (0.00s)
PASS cmd/scw.Test_AllUsage/edge-services_route-stage_delete_usage (0.00s)
PASS cmd/scw.Test_AllUsage/webhosting_mail-account_change-password_usage (0.00s)
PASS cmd/scw.Test_AllUsage/instance_security-group_clear_usage (0.00s)
PASS cmd/scw.Test_AllUsage/edge-services_route-stage_update_usage (0.00s)
PASS cmd/scw.Test_AllUsage/redis_version_usage (0.00s)
PASS cmd/scw.Test_AllUsage/instance_volume_wait_usage (0.00s)
PASS cmd/scw.Test_AllUsage/edge-services_route-stage_get_usage (0.00s)
PASS cmd/scw.Test_AllUsage/redis_node-type_usage (0.00s)
PASS cmd/scw.Test_AllUsage/webhosting_mail-account_delete_usage (0.00s)
PASS cmd/scw.Test_AllUsage/instance_snapshot_apply-migration_usage (0.00s)
PASS cmd/scw.Test_AllUsage/edge-services_route-stage_create_usage (0.00s)
PASS cmd/scw.Test_AllUsage/redis_cluster_usage (0.00s)
PASS cmd/scw.Test_AllUsage/instance_snapshot_plan-migration_usage (0.00s)
PASS cmd/scw.Test_AllUsage/instance_snapshot_wait_usage (0.00s)
PASS cmd/scw.Test_AllUsage/function_trigger_create_usage (0.00s)
PASS cmd/scw.Test_AllUsage/redis_usage (0.00s)
PASS cmd/scw.Test_AllUsage/instance_image_wait_usage (0.00s)
PASS cmd/scw.Test_AllUsage/function_token_delete_usage (0.00s)
PASS cmd/scw.Test_AllUsage/vpc-gw_pat-rule_edit_usage (0.00s)
PASS cmd/scw.Test_AllUsage/webhosting_mail-account_list_usage (0.00s)
PASS cmd/scw.Test_AllUsage/instance_ip_detach_usage (0.00s)
PASS cmd/scw.Test_AllUsage/vpc-gw_gateway_refresh-ssh-keys_usage (0.00s)
PASS cmd/scw.Test_AllUsage/webhosting_mail-account_create_usage (0.00s)
PASS cmd/scw.Test_AllUsage/container_domain_get_usage (0.00s)
PASS cmd/scw.Test_AllUsage/instance_ip_attach_usage (0.00s)
PASS cmd/scw.Test_AllUsage/webhosting_ftp-account_delete_usage (0.01s)
PASS cmd/scw.Test_AllUsage/function_token_list_usage (0.00s)
PASS cmd/scw.Test_AllUsage/vpc-gw_ip_delete_usage (0.00s)
PASS cmd/scw.Test_AllUsage/instance_server_console_usage (0.00s)
PASS cmd/scw.Test_AllUsage/webhosting_ftp-account_list_usage (0.00s)
PASS cmd/scw.Test_AllUsage/vpc-gw_ip_update_usage (0.00s)
PASS cmd/scw.Test_AllUsage/webhosting_ftp-account_create_usage (0.00s)
PASS cmd/scw.Test_AllUsage/function_token_get_usage (0.00s)
PASS cmd/scw.Test_AllUsage/instance_server_detach-ip_usage (0.00s)
PASS cmd/scw.Test_AllUsage/vpc-gw_ip_create_usage (0.00s)
PASS cmd/scw.Test_AllUsage/instance_server_attach-ip_usage (0.00s)
PASS cmd/scw.Test_AllUsage/webhosting_freedomain_list_usage (0.00s)
PASS cmd/scw.Test_AllUsage/tem_usage (0.00s)
PASS cmd/scw.Test_AllUsage/instance_server_wait_usage (0.00s)
PASS cmd/scw.Test_AllUsage/function_token_create_usage (0.00s)
PASS cmd/scw.Test_AllUsage/shell_usage (0.00s)
PASS cmd/scw.Test_AllUsage/instance_server_enable-routed-ip_usage (0.00s)
PASS cmd/scw.Test_AllUsage/keymanager_key_delete-key-material_usage (0.00s)
PASS cmd/scw.Test_AllUsage/instance_server_reboot_usage (0.01s)
PASS cmd/scw.Test_AllUsage/edge-services_route-stage_list_usage (0.00s)
PASS cmd/scw.Test_AllUsage/keymanager_key_import-key-material_usage (0.00s)
PASS cmd/scw.Test_AllUsage/instance_server_standby_usage (0.00s)
PASS cmd/scw.Test_AllUsage/edge-services_waf-stage_delete_usage (0.00s)
PASS cmd/scw.Test_AllUsage/instance_server_stop_usage (0.00s)
PASS cmd/scw.Test_AllUsage/instance_server_start_usage (0.00s)
PASS cmd/scw.Test_AllUsage/edge-services_waf-stage_update_usage (0.00s)
PASS cmd/scw.Test_AllUsage/function_domain_delete_usage (0.00s)
PASS cmd/scw.Test_AllUsage/instance_server_action_usage (0.00s)
PASS cmd/scw.Test_AllUsage/function_domain_create_usage (0.00s)
PASS cmd/scw.Test_AllUsage/instance_server_ssh_usage (0.00s)
PASS cmd/scw.Test_AllUsage/function_domain_get_usage (0.00s)
PASS cmd/scw.Test_AllUsage/edge-services_waf-stage_get_usage (0.00s)
PASS cmd/scw.Test_AllUsage/vpc-gw_ip_get_usage (0.00s)
PASS cmd/scw.Test_AllUsage/function_domain_list_usage (0.00s)
PASS cmd/scw.Test_AllUsage/instance_server_terminate_usage (0.00s)
PASS cmd/scw.Test_AllUsage/edge-services_waf-stage_create_usage (0.00s)
PASS cmd/scw.Test_AllUsage/vpc-gw_ip_list_usage (0.00s)
PASS cmd/scw.Test_AllUsage/function_cron_delete_usage (0.00s)
PASS cmd/scw.Test_AllUsage/instance_server_delete_usage (0.00s)
PASS cmd/scw.Test_AllUsage/vpc-gw_gateway-type_list_usage (0.00s)
PASS cmd/scw.Test_AllUsage/edge-services_waf-stage_list_usage (0.00s)
PASS cmd/scw.Test_AllUsage/instance_server_create_usage (0.01s)
PASS cmd/scw.Test_AllUsage/tem_webhook_list-events_usage (0.00s)
PASS cmd/scw.Test_AllUsage/vpc-gw_pat-rule_delete_usage (0.00s)
PASS cmd/scw.Test_AllUsage/edge-services_backend-stage_delete_usage (0.00s)
PASS cmd/scw.Test_AllUsage/function_cron_update_usage (0.00s)
PASS cmd/scw.Test_AllUsage/tem_webhook_delete_usage (0.00s)
PASS cmd/scw.Test_AllUsage/vpc-gw_pat-rule_set_usage (0.00s)
PASS cmd/scw.Test_AllUsage/edge-services_backend-stage_update_usage (0.00s)
PASS cmd/scw.Test_AllUsage/vpc-gw_pat-rule_update_usage (0.00s)
PASS cmd/scw.Test_AllUsage/tem_webhook_update_usage (0.00s)
PASS cmd/scw.Test_AllUsage/edge-services_backend-stage_get_usage (0.00s)
PASS cmd/scw.Test_AllUsage/vpc-gw_pat-rule_create_usage (0.00s)
PASS cmd/scw.Test_AllUsage/tem_webhook_get_usage (0.00s)
PASS cmd/scw.Test_AllUsage/vpc-gw_pat-rule_get_usage (0.00s)
PASS cmd/scw.Test_AllUsage/domain_contact_list_usage (0.00s)
PASS cmd/scw.Test_AllUsage/vpc-gw_pat-rule_list_usage (0.00s)
PASS cmd/scw.Test_AllUsage/edge-services_backend-stage_create_usage (0.00s)
PASS cmd/scw.Test_AllUsage/vpc-gw_gateway-network_delete_usage (0.00s)
PASS cmd/scw.Test_AllUsage/tem_webhook_list_usage (0.00s)
PASS cmd/scw.Test_AllUsage/vpc-gw_gateway-network_update_usage (0.00s)
PASS cmd/scw.Test_AllUsage/edge-services_backend-stage_list_usage (0.00s)
PASS cmd/scw.Test_AllUsage/tem_webhook_create_usage (0.00s)
PASS cmd/scw.Test_AllUsage/edge-services_cache-stage_delete_usage (0.00s)
PASS cmd/scw.Test_AllUsage/tem_domain_update_usage (0.00s)
PASS cmd/scw.Test_AllUsage/vpc-gw_gateway-network_create_usage (0.00s)
PASS cmd/scw.Test_AllUsage/edge-services_cache-stage_update_usage (0.00s)
PASS cmd/scw.Test_AllUsage/domain_contact_check-compatibility_usage (0.00s)
PASS cmd/scw.Test_AllUsage/vpc-gw_gateway-network_get_usage (0.00s)
PASS cmd/scw.Test_AllUsage/apple-silicon_runner_delete_usage (0.00s)
PASS cmd/scw.Test_AllUsage/tem_domain_get-last-status_usage (0.00s)
PASS cmd/scw.Test_AllUsage/vpc-gw_gateway-network_list_usage (0.00s)
PASS cmd/scw.Test_AllUsage/edge-services_cache-stage_get_usage (0.00s)
PASS cmd/scw.Test_AllUsage/apple-silicon_runner_update_usage (0.00s)
PASS cmd/scw.Test_AllUsage/tem_domain_check_usage (0.00s)
PASS cmd/scw.Test_AllUsage/edge-services_cache-stage_create_usage (0.00s)
PASS cmd/scw.Test_AllUsage/apple-silicon_os_get_usage (0.00s)
PASS cmd/scw.Test_AllUsage/keymanager_key_decrypt_usage (0.00s)
PASS cmd/scw.Test_AllUsage/edge-services_cache-stage_list_usage (0.00s)
PASS cmd/scw.Test_AllUsage/tem_domain_revoke_usage (0.00s)
PASS cmd/scw.Test_AllUsage/vpc-gw_gateway_delete_usage (0.00s)
PASS cmd/scw.Test_AllUsage/apple-silicon_runner_list_usage (0.00s)
PASS cmd/scw.Test_AllUsage/edge-services_tls-stage_delete_usage (0.00s)
PASS cmd/scw.Test_AllUsage/apple-silicon_runner_get_usage (0.00s)
PASS cmd/scw.Test_AllUsage/keymanager_key_encrypt_usage (0.00s)
PASS cmd/scw.Test_AllUsage/apple-silicon_runner_create_usage (0.00s)
PASS cmd/scw.Test_AllUsage/edge-services_tls-stage_update_usage (0.00s)
PASS cmd/scw.Test_AllUsage/apple-silicon_server_reinstall_usage (0.00s)
PASS cmd/scw.Test_AllUsage/vpc-gw_gateway_update_usage (0.00s)
PASS cmd/scw.Test_AllUsage/function_cron_create_usage (0.00s)
PASS cmd/scw.Test_AllUsage/domain_external-domain_delete_usage (0.00s)
PASS cmd/scw.Test_AllUsage/apple-silicon_server_reboot_usage (0.00s)
PASS cmd/scw.Test_AllUsage/keymanager_key_generate-data-key_usage (0.00s)
PASS cmd/scw.Test_AllUsage/vpc-gw_gateway_create_usage (0.00s)
PASS cmd/scw.Test_AllUsage/function_cron_get_usage (0.00s)
PASS cmd/scw.Test_AllUsage/domain_external-domain_register_usage (0.00s)
PASS cmd/scw.Test_AllUsage/keymanager_key_list_usage (0.00s)
PASS cmd/scw.Test_AllUsage/vpc-gw_gateway_get_usage (0.00s)
PASS cmd/scw.Test_AllUsage/domain_order_trade_usage (0.00s)
PASS cmd/scw.Test_AllUsage/function_cron_list_usage (0.00s)
PASS cmd/scw.Test_AllUsage/vpc-gw_gateway_list_usage (0.00s)
PASS cmd/scw.Test_AllUsage/keymanager_key_disable_usage (0.00s)
PASS cmd/scw.Test_AllUsage/function_function_get-download-url_usage (0.00s)
PASS cmd/scw.Test_AllUsage/dns_tsig-key_usage (0.00s)
PASS cmd/scw.Test_AllUsage/domain_order_transfer_usage (0.00s)
PASS cmd/scw.Test_AllUsage/function_function_get-upload-url_usage (0.00s)
PASS cmd/scw.Test_AllUsage/dns_record_usage (0.00s)
PASS cmd/scw.Test_AllUsage/function_runtime_list_usage (0.00s)
PASS cmd/scw.Test_AllUsage/domain_order_renew_usage (0.00s)
PASS cmd/scw.Test_AllUsage/vpc_rule_usage (0.00s)
PASS cmd/scw.Test_AllUsage/dns_zone_usage (0.00s)
PASS cmd/scw.Test_AllUsage/function_function_deploy_usage (0.00s)
PASS cmd/scw.Test_AllUsage/domain_order_buy_usage (0.00s)
PASS cmd/scw.Test_AllUsage/domain_usage (0.00s)
PASS cmd/scw.Test_AllUsage/function_function_delete_usage (0.00s)
PASS cmd/scw.Test_AllUsage/domain_task_retry-inbound-transfer_usage (0.00s)
PASS cmd/scw.Test_AllUsage/container_domain_create_usage (0.00s)
PASS cmd/scw.Test_AllUsage/domain_task_list-inbound-transfers_usage (0.00s)
PASS cmd/scw.Test_AllUsage/instance_server_backup_usage (0.00s)
PASS cmd/scw.Test_AllUsage/function_function_update_usage (0.00s)
PASS cmd/scw.Test_AllUsage/domain_task_list_usage (0.00s)
PASS cmd/scw.Test_AllUsage/container_container_get-private-endpoint-ca_usage (0.00s)
PASS cmd/scw.Test_AllUsage/dns_tsig-key_delete_usage (0.00s)
PASS cmd/scw.Test_AllUsage/apple-silicon_server_delete_usage (0.00s)
PASS cmd/scw.Test_AllUsage/container_container_delete_usage (0.00s)
PASS cmd/scw.Test_AllUsage/apple-silicon_server_update_usage (0.00s)
PASS cmd/scw.Test_AllUsage/dns_tsig-key_get_usage (0.00s)
PASS cmd/scw.Test_AllUsage/apple-silicon_server_get_usage (0.00s)
PASS cmd/scw.Test_AllUsage/container_container_update_usage (0.00s)
PASS cmd/scw.Test_AllUsage/function_function_create_usage (0.00s)
PASS cmd/scw.Test_AllUsage/inference_endpoint_update_usage (0.00s)
PASS cmd/scw.Test_AllUsage/keymanager_key_enable_usage (0.00s)
PASS cmd/scw.Test_AllUsage/container_container_list_usage (0.00s)
PASS cmd/scw.Test_AllUsage/apple-silicon_os_list_usage (0.00s)
PASS cmd/scw.Test_AllUsage/keymanager_key_unprotect_usage (0.00s)
PASS cmd/scw.Test_AllUsage/apple-silicon_server_list_usage (0.00s)
PASS cmd/scw.Test_AllUsage/apple-silicon_server_create_usage (0.00s)
PASS cmd/scw.Test_AllUsage/keymanager_key_protect_usage (0.00s)
PASS cmd/scw.Test_AllUsage/apple-silicon_server-type_get_usage (0.00s)
PASS cmd/scw.Test_AllUsage/instance_placement-group_update-servers_usage (0.00s)
PASS cmd/scw.Test_AllUsage/keymanager_key_rotate_usage (0.00s)
PASS cmd/scw.Test_AllUsage/apple-silicon_server-type_list_usage (0.00s)
PASS cmd/scw.Test_AllUsage/instance_placement-group_set-servers_usage (0.00s)
PASS cmd/scw.Test_AllUsage/keymanager_key_delete_usage (0.00s)
PASS cmd/scw.Test_AllUsage/apple-silicon_private-network_usage (0.00s)
PASS cmd/scw.Test_AllUsage/instance_placement-group_get-servers_usage (0.00s)
PASS cmd/scw.Test_AllUsage/keymanager_key_update_usage (0.00s)
PASS cmd/scw.Test_AllUsage/apple-silicon_runner_usage (0.00s)
PASS cmd/scw.Test_AllUsage/instance_placement-group_set_usage (0.00s)
PASS cmd/scw.Test_AllUsage/apple-silicon_server-type_usage (0.00s)
PASS cmd/scw.Test_AllUsage/keymanager_key_get_usage (0.00s)
PASS cmd/scw.Test_AllUsage/instance_volume_apply-migration_usage (0.00s)
PASS cmd/scw.Test_AllUsage/apple-silicon_os_usage (0.00s)
PASS cmd/scw.Test_AllUsage/vpc_route_usage (0.00s)
PASS cmd/scw.Test_AllUsage/instance_volume_plan-migration_usage (0.00s)
PASS cmd/scw.Test_AllUsage/keymanager_key_create_usage (0.00s)
PASS cmd/scw.Test_AllUsage/dns_usage (0.00s)
PASS cmd/scw.Test_AllUsage/keymanager_key_usage (0.00s)
PASS cmd/scw.Test_AllUsage/apple-silicon_server_usage (0.00s)
PASS cmd/scw.Test_AllUsage/instance_private-nic_delete_usage (0.00s)
PASS cmd/scw.Test_AllUsage/vpc_private-network_usage (0.00s)
PASS cmd/scw.Test_AllUsage/keymanager_usage (0.00s)
PASS cmd/scw.Test_AllUsage/instance_private-nic_update_usage (0.00s)
PASS cmd/scw.Test_AllUsage/vpc_vpc_usage (0.00s)
PASS cmd/scw.Test_AllUsage/vpc_rule_edit_usage (0.00s)
PASS cmd/scw.Test_AllUsage/secret_version_disable_usage (0.00s)
PASS cmd/scw.Test_AllUsage/vpc_usage (0.00s)
PASS cmd/scw.Test_AllUsage/apple-silicon_usage (0.00s)
PASS cmd/scw.Test_AllUsage/vpc_route_list_usage (0.00s)
PASS cmd/scw.Test_AllUsage/secret_version_enable_usage (0.00s)
PASS cmd/scw.Test_AllUsage/help_date_usage (0.00s)
PASS cmd/scw.Test_AllUsage/vpc_ingress-rule_delete_usage (0.00s)
PASS cmd/scw.Test_AllUsage/secret_version_access-by-path_usage (0.00s)
PASS cmd/scw.Test_AllUsage/help_output_usage (0.00s)
PASS cmd/scw.Test_AllUsage/vpc_ingress-rule_update_usage (0.00s)
PASS cmd/scw.Test_AllUsage/help_usage (0.00s)
PASS cmd/scw.Test_AllUsage/secret_version_access_usage (0.00s)
PASS cmd/scw.Test_AllUsage/inference_model_list-serverless_usage (0.00s)
PASS cmd/scw.Test_AllUsage/secret_version_list_usage (0.00s)
PASS cmd/scw.Test_AllUsage/inference_node-type_list_usage (0.00s)
PASS cmd/scw.Test_AllUsage/vpc_ingress-rule_get_usage (0.00s)
PASS cmd/scw.Test_AllUsage/secret_version_delete_usage (0.00s)
PASS cmd/scw.Test_AllUsage/inference_model_delete_usage (0.00s)
PASS cmd/scw.Test_AllUsage/function_function_get_usage (0.00s)
PASS cmd/scw.Test_AllUsage/vpc_ingress-rule_create_usage (0.00s)
PASS cmd/scw.Test_AllUsage/inference_model_import_usage (0.00s)
PASS cmd/scw.Test_AllUsage/secret_version_update_usage (0.00s)
PASS cmd/scw.Test_AllUsage/vpc_ingress-rule_list_usage (0.00s)
PASS cmd/scw.Test_AllUsage/inference_model_get_usage (0.00s)
PASS cmd/scw.Test_AllUsage/function_function_list_usage (0.00s)
PASS cmd/scw.Test_AllUsage/iot_route_create_usage (0.00s)
PASS cmd/scw.Test_AllUsage/inference_model_list_usage (0.00s)
PASS cmd/scw.Test_AllUsage/secret_version_get_usage (0.00s)
PASS cmd/scw.Test_AllUsage/container_container_get_usage (0.00s)
PASS cmd/scw.Test_AllUsage/inference_endpoint_delete_usage (0.00s)
PASS cmd/scw.Test_AllUsage/function_namespace_delete_usage (0.00s)
PASS cmd/scw.Test_AllUsage/secret_version_create_usage (0.00s)
PASS cmd/scw.Test_AllUsage/rdb_endpoint_create_usage (0.00s)
PASS cmd/scw.Test_AllUsage/secret_secret_add-owner_usage (0.00s)
PASS cmd/scw.Test_AllUsage/dns_certificate_delete_usage (0.00s)
PASS cmd/scw.Test_AllUsage/secret_secret_unprotect_usage (0.00s)
PASS cmd/scw.Test_AllUsage/iot_route_list_usage (0.00s)
PASS cmd/scw.Test_AllUsage/dns_certificate_list_usage (0.00s)
PASS cmd/scw.Test_AllUsage/dns_record_delete_usage (0.00s)
PASS cmd/scw.Test_AllUsage/secret_secret_protect_usage (0.00s)
PASS cmd/scw.Test_AllUsage/dns_record_set_usage (0.00s)
PASS cmd/scw.Test_AllUsage/dns_certificate_create_usage (0.00s)
PASS cmd/scw.Test_AllUsage/container_container_create_usage (0.00s)
PASS cmd/scw.Test_AllUsage/secret_secret_list_usage (0.00s)
PASS cmd/scw.Test_AllUsage/dns_record_add_usage (0.00s)
PASS cmd/scw.Test_AllUsage/function_namespace_update_usage (0.00s)
PASS cmd/scw.Test_AllUsage/inference_endpoint_create_usage (0.00s)
PASS cmd/scw.Test_AllUsage/container_namespace_delete_usage (0.00s)
PASS cmd/scw.Test_AllUsage/domain_host_delete_usage (0.00s)
PASS cmd/scw.Test_AllUsage/secret_secret_delete_usage (0.00s)
PASS cmd/scw.Test_AllUsage/inference_deployment_get-certificate_usage (0.00s)
PASS cmd/scw.Test_AllUsage/domain_host_update_usage (0.00s)
PASS cmd/scw.Test_AllUsage/function_namespace_create_usage (0.00s)
PASS cmd/scw.Test_AllUsage/inference_deployment_delete_usage (0.00s)
PASS cmd/scw.Test_AllUsage/secret_secret_update_usage (0.00s)
PASS cmd/scw.Test_AllUsage/dns_certificate_get_usage (0.00s)
PASS cmd/scw.Test_AllUsage/function_namespace_get_usage (0.00s)
PASS cmd/scw.Test_AllUsage/vpc-gw_gateway-type_usage (0.00s)
PASS cmd/scw.Test_AllUsage/function_namespace_list_usage (0.00s)
PASS cmd/scw.Test_AllUsage/vpc_vpc-connector_delete_usage (0.00s)
PASS cmd/scw.Test_AllUsage/instance_private-nic_get_usage (0.00s)
PASS cmd/scw.Test_AllUsage/domain_host_list_usage (0.00s)
PASS cmd/scw.Test_AllUsage/vpc_vpc-connector_update_usage (0.00s)
PASS cmd/scw.Test_AllUsage/domain_host_create_usage (0.00s)
PASS cmd/scw.Test_AllUsage/instance_private-nic_create_usage (0.00s)
PASS cmd/scw.Test_AllUsage/vpc-gw_ip_usage (0.00s)
PASS cmd/scw.Test_AllUsage/vpc_vpc-connector_get_usage (0.00s)
PASS cmd/scw.Test_AllUsage/instance_private-nic_list_usage (0.00s)
PASS cmd/scw.Test_AllUsage/domain_tld_list_usage (0.00s)
PASS cmd/scw.Test_AllUsage/instance_ip_delete_usage (0.00s)
PASS cmd/scw.Test_AllUsage/vpc_vpc-connector_create_usage (0.00s)
PASS cmd/scw.Test_AllUsage/instance_ip_update_usage (0.00s)
PASS cmd/scw.Test_AllUsage/vpc_vpc-connector_list_usage (0.00s)
PASS cmd/scw.Test_AllUsage/instance_ip_get_usage (0.00s)
PASS cmd/scw.Test_AllUsage/instance_ip_create_usage (0.00s)
PASS cmd/scw.Test_AllUsage/vpc_rule_set_usage (0.00s)
PASS cmd/scw.Test_AllUsage/instance_ip_list_usage (0.00s)
PASS cmd/scw.Test_AllUsage/vpc_rule_get_usage (0.00s)
PASS cmd/scw.Test_AllUsage/instance_security-group_update-rule_usage (0.00s)
PASS cmd/scw.Test_AllUsage/vpc_route_delete_usage (0.00s)
PASS cmd/scw.Test_AllUsage/vpc_route_update_usage (0.00s)
PASS cmd/scw.Test_AllUsage/lb_subscriber_delete_usage (0.00s)
PASS cmd/scw.Test_AllUsage/instance_security-group_get-rule_usage (0.00s)
PASS cmd/scw.Test_AllUsage/vpc_route_get_usage (0.00s)
PASS cmd/scw.Test_AllUsage/instance_security-group_delete-rule_usage (0.00s)
PASS cmd/scw.Test_AllUsage/vpc_route_create_usage (0.00s)
PASS cmd/scw.Test_AllUsage/instance_security-group_set-rules_usage (0.00s)
PASS cmd/scw.Test_AllUsage/instance_security-group_create-rule_usage (0.00s)
PASS cmd/scw.Test_AllUsage/vpc_route_enable-routing_usage (0.00s)
PASS cmd/scw.Test_AllUsage/vpc_private-network_enable-dhcp_usage (0.00s)
PASS cmd/scw.Test_AllUsage/instance_security-group_list-rules_usage (0.00s)
PASS cmd/scw.Test_AllUsage/vpc_private-network_delete_usage (0.00s)
PASS cmd/scw.Test_AllUsage/instance_security-group_list-default-rules_usage (0.00s)
PASS cmd/scw.Test_AllUsage/vpc_private-network_update_usage (0.00s)
PASS cmd/scw.Test_AllUsage/instance_security-group_update_usage (0.00s)
PASS cmd/scw.Test_AllUsage/vpc_private-network_get_usage (0.00s)
PASS cmd/scw.Test_AllUsage/iot_device_get-metrics_usage (0.00s)
PASS cmd/scw.Test_AllUsage/vpc_private-network_create_usage (0.00s)
PASS cmd/scw.Test_AllUsage/instance_security-group_delete_usage (0.00s)
PASS cmd/scw.Test_AllUsage/vpc_private-network_list_usage (0.00s)
PASS cmd/scw.Test_AllUsage/iot_device_delete_usage (0.00s)
PASS cmd/scw.Test_AllUsage/vpc_vpc_delete_usage (0.00s)
PASS cmd/scw.Test_AllUsage/vpc_vpc_update_usage (0.00s)
PASS cmd/scw.Test_AllUsage/vpc_vpc_get_usage (0.00s)
PASS cmd/scw.Test_AllUsage/instance_security-group_get_usage (0.00s)
PASS cmd/scw.Test_AllUsage/vpc_vpc_create_usage (0.00s)
PASS cmd/scw.Test_AllUsage/instance_security-group_create_usage (0.00s)
PASS cmd/scw.Test_AllUsage/vpc_vpc_list_usage (0.00s)
PASS cmd/scw.Test_AllUsage/instance_security-group_list_usage (0.00s)
PASS cmd/scw.Test_AllUsage/domain_domain_search_usage (0.00s)
PASS cmd/scw.Test_AllUsage/domain_domain_disable-dnssec_usage (0.00s)
PASS cmd/scw.Test_AllUsage/vpc-gw_pat-rule_usage (0.03s)
PASS cmd/scw.Test_AllUsage/domain_domain_enable-dnssec_usage (0.01s)
PASS cmd/scw.Test_AllUsage/vpc_ingress-rule_usage (0.01s)
PASS cmd/scw.Test_AllUsage/vpc-gw_gateway-network_usage (0.01s)
PASS cmd/scw.Test_AllUsage/domain_domain_get-auth-code_usage (0.01s)
PASS cmd/scw.Test_AllUsage/vpc-gw_gateway_usage (0.01s)
PASS cmd/scw.Test_AllUsage/domain_domain_disable-auto-renew_usage (0.01s)
PASS cmd/scw.Test_AllUsage/secret_secret_get_usage (0.00s)
PASS cmd/scw.Test_AllUsage/domain_domain_enable-auto-renew_usage (0.00s)
PASS cmd/scw.Test_AllUsage/secret_secret_create_usage (0.00s)
PASS cmd/scw.Test_AllUsage/lb_subscriber_update_usage (0.00s)
PASS cmd/scw.Test_AllUsage/secret_version_usage (0.00s)
PASS cmd/scw.Test_AllUsage/lb_subscriber_list_usage (0.00s)
PASS cmd/scw.Test_AllUsage/secret_secret_usage (0.00s)
PASS cmd/scw.Test_AllUsage/lb_subscriber_get_usage (0.00s)
PASS cmd/scw.Test_AllUsage/function_trigger_usage (0.00s)
PASS cmd/scw.Test_AllUsage/domain_domain_unlock-transfer_usage (0.00s)
PASS cmd/scw.Test_AllUsage/lb_subscriber_create_usage (0.00s)
PASS cmd/scw.Test_AllUsage/secret_usage (0.00s)
PASS cmd/scw.Test_AllUsage/function_token_usage (0.00s)
PASS cmd/scw.Test_AllUsage/lb_lb-types_list_usage (0.00s)
PASS cmd/scw.Test_AllUsage/domain_domain_lock-transfer_usage (0.00s)
PASS cmd/scw.Test_AllUsage/redis_version_list-settings_usage (0.00s)
PASS cmd/scw.Test_AllUsage/function_domain_usage (0.00s)
PASS cmd/scw.Test_AllUsage/instance_volume_delete_usage (0.00s)
PASS cmd/scw.Test_AllUsage/lb_certificate_delete_usage (0.00s)
PASS cmd/scw.Test_AllUsage/vpc-gw_usage (0.00s)
PASS cmd/scw.Test_AllUsage/domain_domain_update_usage (0.00s)
PASS cmd/scw.Test_AllUsage/instance_volume_get_usage (0.00s)
PASS cmd/scw.Test_AllUsage/iot_device_get-certificate_usage (0.00s)
PASS cmd/scw.Test_AllUsage/domain_domain_get_usage (0.00s)
PASS cmd/scw.Test_AllUsage/instance_volume_create_usage (0.00s)
PASS cmd/scw.Test_AllUsage/domain_domain_list-renewable_usage (0.00s)
PASS cmd/scw.Test_AllUsage/instance_volume_list_usage (0.00s)
PASS cmd/scw.Test_AllUsage/function_deploy_usage (0.00s)
PASS cmd/scw.Test_AllUsage/domain_domain_list_usage (0.00s)
PASS cmd/scw.Test_AllUsage/vpc_vpc-connector_usage (0.00s)
PASS cmd/scw.Test_AllUsage/domain_contact_update_usage (0.00s)
PASS cmd/scw.Test_AllUsage/instance_snapshot_export_usage (0.00s)
PASS cmd/scw.Test_AllUsage/domain_contact_get_usage (0.00s)
PASS cmd/scw.Test_AllUsage/lb_backend_update-healthcheck_usage (0.00s)
PASS cmd/scw.Test_AllUsage/inference_deployment_update_usage (0.00s)
PASS cmd/scw.Test_AllUsage/lb_backend_set-servers_usage (0.00s)
PASS cmd/scw.Test_AllUsage/dns_version_restore_usage (0.00s)
PASS cmd/scw.Test_AllUsage/lb_backend_remove-servers_usage (0.00s)
PASS cmd/scw.Test_AllUsage/function_trigger_delete_usage (0.00s)
PASS cmd/scw.Test_AllUsage/dns_version_diff_usage (0.00s)
PASS cmd/scw.Test_AllUsage/lb_backend_add-servers_usage (0.00s)
PASS cmd/scw.Test_AllUsage/lb_frontend_usage (0.00s)
PASS cmd/scw.Test_AllUsage/dns_version_show_usage (0.00s)
PASS cmd/scw.Test_AllUsage/lb_backend_delete_usage (0.00s)
PASS cmd/scw.Test_AllUsage/dns_version_list_usage (0.00s)
PASS cmd/scw.Test_AllUsage/lb_backend_update_usage (0.00s)
PASS cmd/scw.Test_AllUsage/dns_zone_refresh_usage (0.00s)
PASS cmd/scw.Test_AllUsage/rdb_snapshot_update_usage (0.00s)
PASS cmd/scw.Test_AllUsage/lb_backend_get_usage (0.00s)
PASS cmd/scw.Test_AllUsage/dns_zone_import_usage (0.00s)
PASS cmd/scw.Test_AllUsage/rdb_snapshot_create_usage (0.00s)
PASS cmd/scw.Test_AllUsage/lb_backend_create_usage (0.00s)
PASS cmd/scw.Test_AllUsage/container_namespace_update_usage (0.00s)
PASS cmd/scw.Test_AllUsage/dns_zone_export_usage (0.00s)
PASS cmd/scw.Test_AllUsage/rdb_snapshot_get_usage (0.00s)
PASS cmd/scw.Test_AllUsage/lb_backend_list_usage (0.00s)
PASS cmd/scw.Test_AllUsage/lb_backend_usage (0.00s)
PASS cmd/scw.Test_AllUsage/rdb_snapshot_list_usage (0.00s)
PASS cmd/scw.Test_AllUsage/lb_ip_update_usage (0.00s)
PASS cmd/scw.Test_AllUsage/dns_record_clear_usage (0.00s)
PASS cmd/scw.Test_AllUsage/rdb_privilege_set_usage (0.00s)
PASS cmd/scw.Test_AllUsage/lb_ip_delete_usage (0.00s)
PASS cmd/scw.Test_AllUsage/lb_ip_usage (0.00s)
PASS cmd/scw.Test_AllUsage/container_namespace_list_usage (0.00s)
PASS cmd/scw.Test_AllUsage/dns_record_update-nameservers_usage (0.00s)
PASS cmd/scw.Test_AllUsage/container_namespace_get_usage (0.00s)
PASS cmd/scw.Test_AllUsage/lb_lb_usage (0.00s)
PASS cmd/scw.Test_AllUsage/inference_deployment_create_usage (0.00s)
PASS cmd/scw.Test_AllUsage/lb_certificate_update_usage (0.00s)
PASS cmd/scw.Test_AllUsage/container_namespace_create_usage (0.00s)
PASS cmd/scw.Test_AllUsage/lb_certificate_get_usage (0.00s)
PASS cmd/scw.Test_AllUsage/lb_certificate_list_usage (0.00s)
PASS cmd/scw.Test_AllUsage/dns_record_list-nameservers_usage (0.00s)
PASS cmd/scw.Test_AllUsage/lb_usage (0.00s)
PASS cmd/scw.Test_AllUsage/container_trigger_usage (0.00s)
PASS cmd/scw.Test_AllUsage/redis_acl_update_usage (0.00s)
PASS cmd/scw.Test_AllUsage/dns_record_bulk-update_usage (0.00s)
PASS cmd/scw.Test_AllUsage/rdb_log_get_usage (0.00s)
PASS cmd/scw.Test_AllUsage/redis_cluster_connect_usage (0.00s)
PASS cmd/scw.Test_AllUsage/dns_record_list_usage (0.00s)
PASS cmd/scw.Test_AllUsage/lb_certificate_create_usage (0.00s)
PASS cmd/scw.Test_AllUsage/instance_snapshot_delete_usage (0.00s)
PASS cmd/scw.Test_AllUsage/function_runtime_usage (0.00s)
PASS cmd/scw.Test_AllUsage/instance_snapshot_update_usage (0.00s)
PASS cmd/scw.Test_AllUsage/lb_acl_set_usage (0.00s)
PASS cmd/scw.Test_AllUsage/function_cron_usage (0.00s)
PASS cmd/scw.Test_AllUsage/iot_device_set-certificate_usage (0.00s)
PASS cmd/scw.Test_AllUsage/lb_acl_delete_usage (0.00s)
PASS cmd/scw.Test_AllUsage/function_function_usage (0.00s)
PASS cmd/scw.Test_AllUsage/iot_device_renew-certificate_usage (0.00s)
PASS cmd/scw.Test_AllUsage/function_namespace_usage (0.00s)
PASS cmd/scw.Test_AllUsage/iot_device_disable_usage (0.00s)
PASS cmd/scw.Test_AllUsage/function_usage (0.00s)
PASS cmd/scw.Test_AllUsage/iot_device_enable_usage (0.00s)
PASS cmd/scw.Test_AllUsage/instance_snapshot_get_usage (0.00s)
PASS cmd/scw.Test_AllUsage/container_token_delete_usage (0.00s)
PASS cmd/scw.Test_AllUsage/iot_device_update_usage (0.00s)
PASS cmd/scw.Test_AllUsage/container_token_list_usage (0.00s)
PASS cmd/scw.Test_AllUsage/container_token_get_usage (0.00s)
PASS cmd/scw.Test_AllUsage/container_token_create_usage (0.00s)
PASS cmd/scw.Test_AllUsage/container_token_usage (0.00s)
PASS cmd/scw.Test_AllUsage/instance_snapshot_create_usage (0.00s)
PASS cmd/scw.Test_AllUsage/instance_snapshot_list_usage (0.00s)
PASS cmd/scw.Test_AllUsage/container_usage#01 (0.00s)
PASS cmd/scw.Test_AllUsage/instance_image_delete_usage (0.00s)
PASS cmd/scw.Test_AllUsage/instance_image_update_usage (0.00s)
PASS cmd/scw.Test_AllUsage/instance_image_create_usage (0.00s)
PASS cmd/scw.Test_AllUsage/instance_image_get_usage (0.00s)
PASS cmd/scw.Test_AllUsage/instance_image_list_usage (0.00s)
PASS cmd/scw.Test_AllUsage/lb_acl_update_usage (0.00s)
PASS cmd/scw.Test_AllUsage/instance_server_detach-filesystem_usage (0.00s)
PASS cmd/scw.Test_AllUsage/lb_acl_get_usage (0.00s)
PASS cmd/scw.Test_AllUsage/lb_acl_create_usage (0.00s)
PASS cmd/scw.Test_AllUsage/lb_acl_list_usage (0.00s)
PASS cmd/scw.Test_AllUsage/lb_backend_list-statistics_usage (0.00s)
PASS cmd/scw.Test_AllUsage/lb_lb_get-stats_usage (0.00s)
PASS cmd/scw.Test_AllUsage/lb_route_delete_usage (0.00s)
PASS cmd/scw.Test_AllUsage/lb_route_update_usage (0.00s)
PASS cmd/scw.Test_AllUsage/iot_device_get_usage (0.00s)
PASS cmd/scw.Test_AllUsage/iot_device_create_usage (0.00s)
PASS cmd/scw.Test_AllUsage/lb_route_get_usage (0.00s)
PASS cmd/scw.Test_AllUsage/iot_device_list_usage (0.00s)
PASS cmd/scw.Test_AllUsage/iot_hub_get-ca_usage (0.00s)
PASS cmd/scw.Test_AllUsage/iot_hub_set-ca_usage (0.00s)
PASS cmd/scw.Test_AllUsage/iot_hub_delete_usage (0.00s)
PASS cmd/scw.Test_AllUsage/instance_server_attach-filesystem_usage (0.00s)
PASS cmd/scw.Test_AllUsage/iot_hub_disable_usage (0.00s)
PASS cmd/scw.Test_AllUsage/container_deploy_usage (0.00s)
PASS cmd/scw.Test_AllUsage/iot_hub_enable_usage (0.00s)
PASS cmd/scw.Test_AllUsage/instance_server_detach-volume_usage (0.00s)
PASS cmd/scw.Test_AllUsage/iot_hub_update_usage (0.00s)
PASS cmd/scw.Test_AllUsage/container_container_logs_usage (0.00s)
PASS cmd/scw.Test_AllUsage/iot_hub_get_usage (0.00s)
PASS cmd/scw.Test_AllUsage/container_trigger_delete_usage (0.00s)
PASS cmd/scw.Test_AllUsage/iot_hub_create_usage (0.00s)
PASS cmd/scw.Test_AllUsage/container_trigger_update_usage (0.00s)
PASS cmd/scw.Test_AllUsage/container_trigger_list_usage (0.00s)
PASS cmd/scw.Test_AllUsage/iot_hub_list_usage (0.00s)
PASS cmd/scw.Test_AllUsage/container_trigger_get_usage (0.00s)
PASS cmd/scw.Test_AllUsage/rdb_log_list_usage (0.00s)
PASS cmd/scw.Test_AllUsage/container_trigger_create_usage (0.00s)
PASS cmd/scw.Test_AllUsage/lb_ip_get_usage (0.00s)
PASS cmd/scw.Test_AllUsage/iot_network_usage (0.00s)
PASS cmd/scw.Test_AllUsage/lb_ip_create_usage (0.00s)
PASS cmd/scw.Test_AllUsage/lb_ip_list_usage (0.00s)
PASS cmd/scw.Test_AllUsage/redis_cluster_wait_usage (0.00s)
PASS cmd/scw.Test_AllUsage/dns_zone_delete_usage (0.00s)
PASS cmd/scw.Test_AllUsage/redis_endpoint_update_usage (0.00s)
PASS cmd/scw.Test_AllUsage/rdb_log_prepare_usage (0.00s)
PASS cmd/scw.Test_AllUsage/redis_endpoint_get_usage (0.00s)
PASS cmd/scw.Test_AllUsage/redis_endpoint_delete_usage (0.00s)
PASS cmd/scw.Test_AllUsage/dns_zone_clone_usage (0.00s)
PASS cmd/scw.Test_AllUsage/redis_endpoint_add_usage (0.00s)
PASS cmd/scw.Test_AllUsage/dns_zone_update_usage (0.00s)
PASS cmd/scw.Test_AllUsage/redis_endpoint_set_usage (0.00s)
PASS cmd/scw.Test_AllUsage/instance_server_attach-volume_usage (0.00s)
PASS cmd/scw.Test_AllUsage/dns_zone_create_usage (0.00s)
PASS cmd/scw.Test_AllUsage/instance_server_get-compatible-types_usage (0.00s)
PASS cmd/scw.Test_AllUsage/lb_route_create_usage (0.00s)
PASS cmd/scw.Test_AllUsage/rdb_read-replica_create-endpoint_usage (0.00s)
PASS cmd/scw.Test_AllUsage/instance_user-data_get_usage (0.00s)
PASS cmd/scw.Test_AllUsage/lb_route_list_usage (0.00s)
PASS cmd/scw.Test_AllUsage/rdb_read-replica_reset_usage (0.00s)
PASS cmd/scw.Test_AllUsage/instance_user-data_set_usage (0.00s)
PASS cmd/scw.Test_AllUsage/lb_frontend_delete_usage (0.00s)
PASS cmd/scw.Test_AllUsage/rdb_backup_get_usage (0.00s)
PASS cmd/scw.Test_AllUsage/instance_user-data_delete_usage (0.00s)
PASS cmd/scw.Test_AllUsage/lb_frontend_update_usage (0.00s)
PASS cmd/scw.Test_AllUsage/rdb_read-replica_delete_usage (0.00s)
PASS cmd/scw.Test_AllUsage/lb_frontend_get_usage (0.00s)
PASS cmd/scw.Test_AllUsage/instance_user-data_list_usage (0.00s)
PASS cmd/scw.Test_AllUsage/rdb_read-replica_get_usage (0.00s)
PASS cmd/scw.Test_AllUsage/lb_frontend_create_usage (0.00s)
PASS cmd/scw.Test_AllUsage/rdb_read-replica_create_usage (0.00s)
PASS cmd/scw.Test_AllUsage/instance_server_list-actions_usage (0.00s)
PASS cmd/scw.Test_AllUsage/rdb_instance_get-metrics_usage (0.00s)
PASS cmd/scw.Test_AllUsage/lb_frontend_list_usage (0.00s)
PASS cmd/scw.Test_AllUsage/instance_server_update_usage (0.00s)
PASS cmd/scw.Test_AllUsage/container_domain_usage (0.00s)
PASS cmd/scw.Test_AllUsage/instance_server_get_usage (0.00s)
PASS cmd/scw.Test_AllUsage/rdb_instance_renew-certificate_usage (0.00s)
PASS cmd/scw.Test_AllUsage/container_container_usage (0.00s)
PASS cmd/scw.Test_AllUsage/rdb_backup_create_usage (0.00s)
PASS cmd/scw.Test_AllUsage/container_namespace_usage (0.00s)
PASS cmd/scw.Test_AllUsage/iot_route_usage (0.00s)
PASS cmd/scw.Test_AllUsage/rdb_backup_list_usage (0.00s)
PASS cmd/scw.Test_AllUsage/container_usage (0.00s)
PASS cmd/scw.Test_AllUsage/rdb_instance_get-certificate_usage (0.00s)
PASS cmd/scw.Test_AllUsage/rdb_node-type_list_usage (0.00s)
PASS cmd/scw.Test_AllUsage/iot_device_usage (0.00s)
PASS cmd/scw.Test_AllUsage/rdb_privilege_list_usage (0.00s)
PASS cmd/scw.Test_AllUsage/rdb_engine_list_usage (0.00s)
PASS cmd/scw.Test_AllUsage/file_filesystem_update_usage (0.00s)
PASS cmd/scw.Test_AllUsage/rdb_instance_restart_usage (0.00s)
PASS cmd/scw.Test_AllUsage/iot_hub_usage (0.00s)
PASS cmd/scw.Test_AllUsage/file_filesystem_delete_usage (0.00s)
PASS cmd/scw.Test_AllUsage/iot_usage (0.00s)
PASS cmd/scw.Test_AllUsage/rdb_instance_clone_usage (0.00s)
PASS cmd/scw.Test_AllUsage/dns_zone_list_usage (0.00s)
PASS cmd/scw.Test_AllUsage/inference_deployment_get_usage (0.00s)
PASS cmd/scw.Test_AllUsage/file_filesystem_create_usage (0.00s)
PASS cmd/scw.Test_AllUsage/domain_external-domain_usage (0.00s)
PASS cmd/scw.Test_AllUsage/file_attachment_list_usage (0.00s)
PASS cmd/scw.Test_AllUsage/rdb_endpoint_usage (0.00s)
PASS cmd/scw.Test_AllUsage/domain_tld_usage (0.00s)
PASS cmd/scw.Test_AllUsage/inference_deployment_list_usage (0.00s)
PASS cmd/scw.Test_AllUsage/file_filesystem_list_usage (0.00s)
PASS cmd/scw.Test_AllUsage/rdb_setting_usage (0.00s)
PASS cmd/scw.Test_AllUsage/file_filesystem_get_usage (0.00s)
PASS cmd/scw.Test_AllUsage/rdb_read-replica_usage (0.00s)
PASS cmd/scw.Test_AllUsage/file_filesystem-type_list_usage (0.00s)
PASS cmd/scw.Test_AllUsage/rdb_snapshot_usage (0.00s)
PASS cmd/scw.Test_AllUsage/file_filesystem-type_usage (0.00s)
PASS cmd/scw.Test_AllUsage/rdb_log_usage (0.00s)
PASS cmd/scw.Test_AllUsage/file_attachment_usage (0.00s)
PASS cmd/scw.Test_AllUsage/rdb_node-type_usage (0.00s)
PASS cmd/scw.Test_AllUsage/container_container_redeploy_usage (0.00s)
PASS cmd/scw.Test_AllUsage/rdb_database_usage (0.00s)
PASS cmd/scw.Test_AllUsage/rdb_user_usage (0.00s)
PASS cmd/scw.Test_AllUsage/rdb_privilege_usage (0.00s)
PASS cmd/scw.Test_AllUsage/container_domain_delete_usage (0.00s)
PASS cmd/scw.Test_AllUsage/rdb_acl_usage (0.00s)
PASS cmd/scw.Test_AllUsage/rdb_log_download_usage (0.00s)
PASS cmd/scw.Test_AllUsage/container_domain_update_usage (0.00s)
PASS cmd/scw.Test_AllUsage/rdb_instance_usage (0.00s)
PASS cmd/scw.Test_AllUsage/rdb_setting_edit_usage (0.00s)
PASS cmd/scw.Test_AllUsage/container_domain_list_usage (0.00s)
PASS cmd/scw.Test_AllUsage/rdb_user_get-url_usage (0.00s)
PASS cmd/scw.Test_AllUsage/rdb_instance_wait_usage (0.00s)
PASS cmd/scw.Test_AllUsage/info_usage (0.00s)
PASS cmd/scw.Test_AllUsage/rdb_instance_connect_usage (0.00s)
PASS cmd/scw.Test_AllUsage/feedback_feature_usage (0.00s)
PASS cmd/scw.Test_AllUsage/rdb_engine_settings_usage (0.00s)
PASS cmd/scw.Test_AllUsage/rdb_instance_delete_usage (0.00s)
PASS cmd/scw.Test_AllUsage/feedback_bug_usage (0.00s)
PASS cmd/scw.Test_AllUsage/rdb_instance_update_usage (0.00s)
PASS cmd/scw.Test_AllUsage/rdb_endpoint_list_usage (0.00s)
PASS cmd/scw.Test_AllUsage/rdb_instance_create_usage (0.00s)
PASS cmd/scw.Test_AllUsage/feedback_usage (0.00s)
PASS cmd/scw.Test_AllUsage/rdb_database_get-url_usage (0.00s)
PASS cmd/scw.Test_AllUsage/rdb_engine_usage (0.00s)
PASS cmd/scw.Test_AllUsage/rdb_instance_get_usage (0.00s)
PASS cmd/scw.Test_AllUsage/registry_install-docker-helper_usage (0.00s)
PASS cmd/scw.Test_AllUsage/inference_endpoint_usage (0.00s)
PASS cmd/scw.Test_AllUsage/file_filesystem_usage (0.00s)
PASS cmd/scw.Test_AllUsage/registry_logout_usage (0.00s)
PASS cmd/scw.Test_AllUsage/rdb_instance_list_usage (0.00s)
PASS cmd/scw.Test_AllUsage/registry_login_usage (0.00s)
PASS cmd/scw.Test_AllUsage/file_usage (0.00s)
PASS cmd/scw.Test_AllUsage/rdb_instance_upgrade_usage (0.00s)
PASS cmd/scw.Test_AllUsage/fip_mac_delete_usage (0.00s)
PASS cmd/scw.Test_AllUsage/rdb_backup_export_usage (0.00s)
PASS cmd/scw.Test_AllUsage/registry_tag_delete_usage (0.00s)
PASS cmd/scw.Test_AllUsage/fip_mac_move_usage (0.00s)
PASS cmd/scw.Test_AllUsage/rdb_backup_restore_usage (0.00s)
PASS cmd/scw.Test_AllUsage/registry_tag_get_usage (0.00s)
PASS cmd/scw.Test_AllUsage/fip_mac_duplicate_usage (0.00s)
PASS cmd/scw.Test_AllUsage/rdb_backup_delete_usage (0.00s)
PASS cmd/scw.Test_AllUsage/inference_node-type_usage (0.00s)
PASS cmd/scw.Test_AllUsage/registry_namespace_get_usage (0.00s)
PASS cmd/scw.Test_AllUsage/rdb_backup_update_usage (0.00s)
PASS cmd/scw.Test_AllUsage/inference_deployment_usage (0.00s)
PASS cmd/scw.Test_AllUsage/registry_tag_list_usage (0.00s)
PASS cmd/scw.Test_AllUsage/inference_model_usage (0.00s)
PASS cmd/scw.Test_AllUsage/fip_mac_create_usage (0.00s)
PASS cmd/scw.Test_AllUsage/registry_image_delete_usage (0.00s)
PASS cmd/scw.Test_AllUsage/registry_namespace_list_usage (0.00s)
PASS cmd/scw.Test_AllUsage/inference_usage (0.00s)
PASS cmd/scw.Test_AllUsage/instance_server_list_usage (0.00s)
PASS cmd/scw.Test_AllUsage/iot_network_delete_usage (0.00s)
PASS cmd/scw.Test_AllUsage/registry_image_update_usage (0.00s)
PASS cmd/scw.Test_AllUsage/instance_volume-type_list_usage (0.00s)
PASS cmd/scw.Test_AllUsage/iot_network_get_usage (0.00s)
PASS cmd/scw.Test_AllUsage/registry_image_get_usage (0.00s)
PASS cmd/scw.Test_AllUsage/fip_ip_detach_usage (0.00s)
PASS cmd/scw.Test_AllUsage/lb_lb_migrate_usage (0.00s)
PASS cmd/scw.Test_AllUsage/fip_ip_attach_usage (0.00s)
PASS cmd/scw.Test_AllUsage/registry_image_list_usage (0.00s)
PASS cmd/scw.Test_AllUsage/fip_ip_delete_usage (0.00s)
PASS cmd/scw.Test_AllUsage/lb_lb_delete_usage (0.00s)
PASS cmd/scw.Test_AllUsage/fip_ip_update_usage (0.00s)
PASS cmd/scw.Test_AllUsage/rdb_database_delete_usage (0.00s)
PASS cmd/scw.Test_AllUsage/fip_ip_list_usage (0.00s)
PASS cmd/scw.Test_AllUsage/rdb_database_create_usage (0.00s)
PASS cmd/scw.Test_AllUsage/rdb_database_list_usage (0.00s)
PASS cmd/scw.Test_AllUsage/registry_namespace_delete_usage (0.00s)
PASS cmd/scw.Test_AllUsage/rdb_user_delete_usage (0.00s)
PASS cmd/scw.Test_AllUsage/registry_namespace_update_usage (0.00s)
PASS cmd/scw.Test_AllUsage/rdb_user_update_usage (0.00s)
PASS cmd/scw.Test_AllUsage/rdb_user_create_usage (0.00s)
PASS cmd/scw.Test_AllUsage/iot_network_create_usage (0.00s)
PASS cmd/scw.Test_AllUsage/rdb_user_list_usage (0.00s)
PASS cmd/scw.Test_AllUsage/iot_network_list_usage (0.00s)
PASS cmd/scw.Test_AllUsage/iot_route_delete_usage (0.00s)
PASS cmd/scw.Test_AllUsage/iot_route_get_usage (0.00s)
PASS cmd/scw.Test_AllUsage/iot_route_update_usage (0.00s)
PASS cmd/scw.Test_AllUsage/object_bucket-lifecycle_create_usage (0.00s)
PASS cmd/scw.Test_AllUsage/object_config_install_usage (0.00s)
PASS cmd/scw.Test_AllUsage/lb_lb_update_usage (0.00s)
PASS cmd/scw.Test_AllUsage/object_config_get_usage (0.00s)
PASS cmd/scw.Test_AllUsage/lb_lb_get_usage (0.00s)
PASS cmd/scw.Test_AllUsage/object_bucket_update_usage (0.00s)
PASS cmd/scw.Test_AllUsage/fip_ip_get_usage (0.00s)
PASS cmd/scw.Test_AllUsage/lb_lb_create_usage (0.00s)
PASS cmd/scw.Test_AllUsage/fip_ip_create_usage (0.00s)
PASS cmd/scw.Test_AllUsage/lb_lb_list_usage (0.00s)
PASS cmd/scw.Test_AllUsage/fip_mac_usage (0.00s)
PASS cmd/scw.Test_AllUsage/lb_subscriber_usage (0.00s)
PASS cmd/scw.Test_AllUsage/fip_ip_usage (0.00s)
PASS cmd/scw.Test_AllUsage/lb_route_usage (0.00s)
PASS cmd/scw.Test_AllUsage/fip_usage (0.00s)
PASS cmd/scw.Test_AllUsage/lb_private-network_usage (0.00s)
PASS cmd/scw.Test_AllUsage/apple-silicon_server_wait_usage (0.00s)
PASS cmd/scw.Test_AllUsage/autocomplete_usage (0.00s)
PASS cmd/scw.Test_AllUsage/registry_namespace_create_usage (0.00s)
PASS cmd/scw.Test_AllUsage/registry_tag_usage (0.00s)
PASS cmd/scw.Test_AllUsage/apple-silicon_server_ssh_usage (0.00s)
PASS cmd/scw.Test_AllUsage/rdb_acl_delete_usage (0.00s)
PASS cmd/scw.Test_AllUsage/registry_image_usage (0.00s)
PASS cmd/scw.Test_AllUsage/instance_server-type_list_usage (0.00s)
PASS cmd/scw.Test_AllUsage/lb_lb-types_usage (0.00s)
PASS cmd/scw.Test_AllUsage/registry_namespace_usage (0.00s)
PASS cmd/scw.Test_AllUsage/annotations_binding_delete-all-matching-srn_usage (0.00s)
PASS cmd/scw.Test_AllUsage/instance_server-type_get_usage (0.00s)
PASS cmd/scw.Test_AllUsage/registry_usage (0.00s)
PASS cmd/scw.Test_AllUsage/instance_private-nic_usage (0.00s)
PASS cmd/scw.Test_AllUsage/version_usage (0.00s)
PASS cmd/scw.Test_AllUsage/rdb_acl_set_usage (0.00s)
PASS cmd/scw.Test_AllUsage/object_bucket-policy_get_usage (0.00s)
PASS cmd/scw.Test_AllUsage/instance_volume_usage (0.00s)
PASS cmd/scw.Test_AllUsage/object_bucket-policy_delete_usage (0.00s)
PASS cmd/scw.Test_AllUsage/rdb_acl_add_usage (0.00s)
PASS cmd/scw.Test_AllUsage/object_bucket-policy_create_usage (0.00s)
PASS cmd/scw.Test_AllUsage/object_bucket-policy_usage (0.00s)
PASS cmd/scw.Test_AllUsage/lb_lb_wait_usage (0.00s)
PASS cmd/scw.Test_AllUsage/rdb_acl_list_usage (0.00s)
PASS cmd/scw.Test_AllUsage/lb_private-network_detach_usage (0.00s)
PASS cmd/scw.Test_AllUsage/object_bucket_list_usage (0.00s)
PASS cmd/scw.Test_AllUsage/rdb_setting_set_usage (0.00s)
PASS cmd/scw.Test_AllUsage/instance_user-data_usage (0.00s)
PASS cmd/scw.Test_AllUsage/object_bucket-cors_get_usage (0.00s)
PASS cmd/scw.Test_AllUsage/rdb_setting_delete_usage (0.00s)
PASS cmd/scw.Test_AllUsage/lb_acl_usage (0.00s)
PASS cmd/scw.Test_AllUsage/lb_private-network_attach_usage (0.00s)
PASS cmd/scw.Test_AllUsage/rdb_setting_add_usage (0.00s)
PASS cmd/scw.Test_AllUsage/instance_snapshot_usage (0.00s)
PASS cmd/scw.Test_AllUsage/lb_certificate_usage (0.00s)
PASS cmd/scw.Test_AllUsage/rdb_backup_wait_usage (0.00s)
PASS cmd/scw.Test_AllUsage/annotations_binding_delete-all-matching-value_usage (0.00s)
PASS cmd/scw.Test_AllUsage/rdb_backup_usage (0.02s)
PASS cmd/scw.Test_AllUsage/annotations_key_update_usage (0.01s)
PASS cmd/scw.Test_AllUsage/cockpit_token_usage (0.01s)
PASS cmd/scw.Test_AllUsage/annotations_binding_delete_usage (0.01s)
PASS cmd/scw.Test_AllUsage/annotations_key_list_usage (0.00s)
PASS cmd/scw.Test_AllUsage/annotations_binding_list_usage (0.00s)
PASS cmd/scw.Test_AllUsage/annotations_key_create_usage (0.00s)
PASS cmd/scw.Test_AllUsage/annotations_binding_create_usage (0.00s)
PASS cmd/scw.Test_AllUsage/domain_host_usage (0.00s)
PASS cmd/scw.Test_AllUsage/annotations_key-value_list_usage (0.00s)
PASS cmd/scw.Test_AllUsage/rdb_backup_download_usage (0.00s)
PASS cmd/scw.Test_AllUsage/annotations_value_delete-all-matching-key_usage (0.00s)
PASS cmd/scw.Test_AllUsage/rdb_usage (0.00s)
PASS cmd/scw.Test_AllUsage/domain_order_usage (0.00s)
PASS cmd/scw.Test_AllUsage/annotations_value_delete_usage (0.00s)
PASS cmd/scw.Test_AllUsage/rdb_acl_edit_usage (0.00s)
PASS cmd/scw.Test_AllUsage/annotations_value_update_usage (0.00s)
PASS cmd/scw.Test_AllUsage/rdb_config_get_usage (0.00s)
PASS cmd/scw.Test_AllUsage/annotations_value_get_usage (0.00s)
PASS cmd/scw.Test_AllUsage/account_project_delete_usage (0.00s)
PASS cmd/scw.Test_AllUsage/rdb_config_usage (0.00s)
PASS cmd/scw.Test_AllUsage/annotations_value_list_usage (0.00s)
PASS cmd/scw.Test_AllUsage/account_project_get_usage (0.00s)
PASS cmd/scw.Test_AllUsage/instance_volume-type_usage (0.00s)
PASS cmd/scw.Test_AllUsage/object_bucket_get_usage (0.00s)
PASS cmd/scw.Test_AllUsage/account_project_list_usage (0.00s)
PASS cmd/scw.Test_AllUsage/annotations_value_create_usage (0.00s)
PASS cmd/scw.Test_AllUsage/account_project_create_usage (0.00s)
PASS cmd/scw.Test_AllUsage/instance_server-type_usage (0.00s)
PASS cmd/scw.Test_AllUsage/object_bucket_delete_usage (0.00s)
PASS cmd/scw.Test_AllUsage/annotations_key_delete_usage (0.00s)
PASS cmd/scw.Test_AllUsage/object_bucket_create_usage (0.00s)
PASS cmd/scw.Test_AllUsage/instance_server_usage (0.00s)
PASS cmd/scw.Test_AllUsage/object_bucket-cors_usage (0.00s)
PASS cmd/scw.Test_AllUsage/config_reset_usage (0.00s)
PASS cmd/scw.Test_AllUsage/object_bucket-lifecycle_usage (0.00s)
PASS cmd/scw.Test_AllUsage/config_profile_activate_usage (0.00s)
PASS cmd/scw.Test_AllUsage/object_bucket_usage (0.00s)
PASS cmd/scw.Test_AllUsage/config_profile_delete_usage (0.00s)
PASS cmd/scw.Test_AllUsage/object_config_usage (0.00s)
PASS cmd/scw.Test_AllUsage/config_profile_list_usage (0.00s)
PASS cmd/scw.Test_AllUsage/object_usage (0.00s)
PASS cmd/scw.Test_AllUsage/config_profile_usage (0.00s)
PASS cmd/scw.Test_AllUsage/lb_private-network_list_usage (0.00s)
PASS cmd/scw.Test_AllUsage/config_dump_usage (0.00s)
PASS cmd/scw.Test_AllUsage/instance_security-group_usage (0.00s)
PASS cmd/scw.Test_AllUsage/autocomplete_install_usage (0.00s)
PASS cmd/scw.Test_AllUsage/config_unset_usage (0.00s)
PASS cmd/scw.Test_AllUsage/annotations_key-value_usage (0.00s)
PASS cmd/scw.Test_AllUsage/lb_subscriber_unsubscribe_usage (0.00s)
PASS cmd/scw.Test_AllUsage/domain_domain_usage (0.00s)
PASS cmd/scw.Test_AllUsage/config_set_usage (0.00s)
PASS cmd/scw.Test_AllUsage/annotations_binding_usage (0.00s)
PASS cmd/scw.Test_AllUsage/instance_ip_usage (0.00s)
PASS cmd/scw.Test_AllUsage/domain_contact_usage (0.00s)
PASS cmd/scw.Test_AllUsage/lb_subscriber_subscribe_usage (0.00s)
PASS cmd/scw.Test_AllUsage/domain_task_usage (0.00s)
PASS cmd/scw.Test_AllUsage/instance_image_usage (0.00s)
PASS cmd/scw.Test_AllUsage/dns_certificate_usage (0.00s)
PASS cmd/scw.Test_AllUsage/marketplace_local-image_usage (0.00s)
PASS cmd/scw.Test_AllUsage/dns_version_usage (0.00s)
PASS cmd/scw.Test_AllUsage/account_project_usage (0.00s)
PASS cmd/scw.Test_AllUsage/marketplace_image_usage (0.00s)
PASS cmd/scw.Test_AllUsage/marketplace_usage (0.00s)
PASS cmd/scw.Test_AllUsage/k8s_pool_set-taint_usage (0.00s)
PASS cmd/scw.Test_AllUsage/rdb_log_list-details_usage (0.00s)
PASS cmd/scw.Test_AllUsage/k8s_pool_add-external-node_usage (0.00s)
PASS cmd/scw.Test_AllUsage/rdb_log_purge_usage (0.00s)
PASS cmd/scw.Test_AllUsage/k8s_pool_wait_usage (0.00s)
PASS cmd/scw.Test_AllUsage/k8s_pool_remove-label_usage (0.00s)
PASS cmd/scw.Test_AllUsage/k8s_node_wait_usage (0.00s)
PASS cmd/scw.Test_AllUsage/k8s_kubeconfig_get_usage (0.00s)
PASS cmd/scw.Test_AllUsage/config_get_usage (0.00s)
PASS cmd/scw.Test_AllUsage/k8s_kubeconfig_usage (0.00s)
PASS cmd/scw.Test_AllUsage/k8s_cluster_wait_usage (0.00s)
PASS cmd/scw.Test_AllUsage/marketplace_category_get_usage (0.00s)
PASS cmd/scw.Test_AllUsage/k8s_cluster-type_list_usage (0.00s)
PASS cmd/scw.Test_AllUsage/k8s_version_get_usage (0.00s)
PASS cmd/scw.Test_AllUsage/k8s_node_replace_usage (0.00s)
PASS cmd/scw.Test_AllUsage/k8s_version_list_usage (0.00s)
PASS cmd/scw.Test_AllUsage/k8s_node_delete_usage (0.00s)
PASS cmd/scw.Test_AllUsage/k8s_pool_set-label_usage (0.00s)
PASS cmd/scw.Test_AllUsage/k8s_pool_remove-startup-taint_usage (0.00s)
PASS cmd/scw.Test_AllUsage/k8s_node_reboot_usage (0.00s)
PASS cmd/scw.Test_AllUsage/k8s_pool_set-startup-taint_usage (0.00s)
PASS cmd/scw.Test_AllUsage/k8s_pool_remove-taint_usage (0.00s)
PASS cmd/scw.Test_AllUsage/k8s_pool_update_usage (0.00s)
PASS cmd/scw.Test_AllUsage/k8s_pool_upgrade_usage (0.00s)
PASS cmd/scw.Test_AllUsage/k8s_pool_get_usage (0.00s)
PASS cmd/scw.Test_AllUsage/object_bucket-cors_delete_usage (0.00s)
PASS cmd/scw.Test_AllUsage/account_usage (0.00s)
PASS cmd/scw.Test_AllUsage/object_bucket-cors_create_usage (0.00s)
PASS cmd/scw.Test_AllUsage/config_edit_usage (0.00s)
PASS cmd/scw.Test_AllUsage/object_bucket-lifecycle_get_usage (0.00s)
PASS cmd/scw.Test_AllUsage/k8s_pool_create_usage (0.00s)
PASS cmd/scw.Test_AllUsage/object_bucket-lifecycle_delete_usage (0.00s)
PASS cmd/scw.Test_AllUsage/k8s_pool_list_usage (0.00s)
PASS cmd/scw.Test_AllUsage/config_validate_usage (0.00s)
PASS cmd/scw.Test_AllUsage/k8s_acl_delete_usage (0.00s)
PASS cmd/scw.Test_AllUsage/k8s_acl_set_usage (0.00s)
PASS cmd/scw.Test_AllUsage/k8s_kubeconfig_uninstall_usage (0.00s)
PASS cmd/scw.Test_AllUsage/k8s_acl_add_usage (0.00s)
PASS cmd/scw.Test_AllUsage/k8s_kubeconfig_install_usage (0.00s)
PASS cmd/scw.Test_AllUsage/k8s_cluster_list-available-versions_usage (0.00s)
PASS cmd/scw.Test_AllUsage/k8s_acl_list_usage (0.00s)
PASS cmd/scw.Test_AllUsage/k8s_cluster_reset-admin-token_usage (0.00s)
PASS cmd/scw.Test_AllUsage/k8s_cluster_set-type_usage (0.00s)
PASS cmd/scw.Test_AllUsage/k8s_cluster_get_usage (0.00s)
PASS cmd/scw.Test_AllUsage/k8s_cluster_list-available-types_usage (0.00s)
PASS cmd/scw.Test_AllUsage/apple-silicon_private-network_delete_usage (0.00s)
PASS cmd/scw.Test_AllUsage/k8s_cluster_upgrade_usage (0.00s)
PASS cmd/scw.Test_AllUsage/k8s_cluster-type_usage (0.00s)
PASS cmd/scw.Test_AllUsage/apple-silicon_private-network_list_usage (0.00s)
PASS cmd/scw.Test_AllUsage/k8s_node_get_usage (0.00s)
PASS cmd/scw.Test_AllUsage/apple-silicon_private-network_set_usage (0.00s)
PASS cmd/scw.Test_AllUsage/k8s_node_list_usage (0.00s)
PASS cmd/scw.Test_AllUsage/k8s_version_usage (0.00s)
PASS cmd/scw.Test_AllUsage/k8s_pool_list-userdata_usage (0.00s)
PASS cmd/scw.Test_AllUsage/apple-silicon_private-network_add_usage (0.00s)
PASS cmd/scw.Test_AllUsage/k8s_node_usage (0.00s)
PASS cmd/scw.Test_AllUsage/k8s_cluster_usage (0.00s)
PASS cmd/scw.Test_AllUsage/k8s_pool_get-userdata_usage (0.00s)
PASS cmd/scw.Test_AllUsage/k8s_pool_usage (0.00s)
PASS cmd/scw.Test_AllUsage/k8s_usage (0.00s)
PASS cmd/scw.Test_AllUsage/k8s_pool_delete_usage (0.00s)
PASS cmd/scw.Test_AllUsage/cockpit_config_get_usage (0.00s)
PASS cmd/scw.Test_AllUsage/cockpit_contact-point_create_usage (0.00s)
PASS cmd/scw.Test_AllUsage/cockpit_alert-manager_get_usage (0.00s)
PASS cmd/scw.Test_AllUsage/annotations_value_usage (0.00s)
PASS cmd/scw.Test_AllUsage/cockpit_config_usage (0.00s)
PASS cmd/scw.Test_AllUsage/cockpit_alert-manager_disable_usage (0.00s)
PASS cmd/scw.Test_AllUsage/cockpit_token_list_usage (0.00s)
PASS cmd/scw.Test_AllUsage/config_import_usage (0.00s)
PASS cmd/scw.Test_AllUsage/cockpit_alert-manager_enable_usage (0.00s)
PASS cmd/scw.Test_AllUsage/annotations_key_usage (0.00s)
PASS cmd/scw.Test_AllUsage/config_info_usage (0.00s)
PASS cmd/scw.Test_AllUsage/cockpit_data-source_update_usage (0.00s)
PASS cmd/scw.Test_AllUsage/config_destroy_usage (0.00s)
PASS cmd/scw.Test_AllUsage/cockpit_token_create_usage (0.00s)
PASS cmd/scw.Test_AllUsage/cockpit_data-source_list_usage (0.00s)
PASS cmd/scw.Test_AllUsage/marketplace_category_list_usage (0.00s)
PASS cmd/scw.Test_AllUsage/annotations_usage (0.00s)
PASS cmd/scw.Test_AllUsage/cockpit_data-source_delete_usage (0.00s)
PASS cmd/scw.Test_AllUsage/cockpit_data-source_create_usage (0.00s)
PASS cmd/scw.Test_AllUsage/cockpit_data-source_get_usage (0.00s)
PASS cmd/scw.Test_AllUsage/marketplace_local-image_get_usage (0.00s)
PASS cmd/scw.Test_AllUsage/cockpit_plan_get_usage (0.00s)
PASS cmd/scw.Test_AllUsage/account_project_list-resources_usage (0.00s)
PASS cmd/scw.Test_AllUsage/cockpit_usage-overview_get_usage (0.00s)
PASS cmd/scw.Test_AllUsage/cockpit_product-dashboards_get_usage (0.00s)
PASS cmd/scw.Test_AllUsage/account_project_update_usage (0.00s)
PASS cmd/scw.Test_AllUsage/cockpit_plan_select_usage (0.00s)
PASS cmd/scw.Test_AllUsage/cockpit_grafana-user_reset-password_usage (0.00s)
PASS cmd/scw.Test_AllUsage/k8s_cluster_delete_usage (0.00s)
PASS cmd/scw.Test_AllUsage/cockpit_product-dashboards_list_usage (0.00s)
PASS cmd/scw.Test_AllUsage/cockpit_grafana-user_delete_usage (0.00s)
PASS cmd/scw.Test_AllUsage/k8s_cluster_update_usage (0.00s)
PASS cmd/scw.Test_AllUsage/cockpit_grafana-user_create_usage (0.00s)
PASS cmd/scw.Test_AllUsage/cockpit_grafana-user_list_usage (0.00s)
PASS cmd/scw.Test_AllUsage/cockpit_grafana_get_usage (0.00s)
PASS cmd/scw.Test_AllUsage/cockpit_grafana_sync-data-sources_usage (0.00s)
PASS cmd/scw.Test_AllUsage/cockpit_test-alert_usage (0.00s)
PASS cmd/scw.Test_AllUsage/cockpit_managed-alerts_usage (0.00s)
PASS cmd/scw.Test_AllUsage/cockpit_contact-point_usage (0.00s)
PASS cmd/scw.Test_AllUsage/cockpit_alert-manager_usage (0.00s)
PASS cmd/scw.Test_AllUsage/cockpit_plan_list_usage (0.00s)
PASS cmd/scw.Test_AllUsage/instance_volume_update_usage (0.00s)
PASS cmd/scw.Test_AllUsage/cockpit_usage-overview_usage (0.00s)
PASS cmd/scw.Test_AllUsage/k8s_cluster_list_usage (0.00s)
PASS cmd/scw.Test_AllUsage/cockpit_token_delete_usage (0.00s)
PASS cmd/scw.Test_AllUsage/instance_usage (0.00s)
PASS cmd/scw.Test_AllUsage/k8s_cluster_create_usage (0.00s)
PASS cmd/scw.Test_AllUsage/cockpit_token_get_usage (0.00s)
PASS cmd/scw.Test_AllUsage/marketplace_category_usage (0.00s)
PASS cmd/scw.Test_AllUsage/iam_rule_delete_usage (0.00s)
PASS cmd/scw.Test_AllUsage/kafka_cluster_list_usage (0.00s)
PASS cmd/scw.Test_AllUsage/marketplace_image_list_usage (0.00s)
PASS cmd/scw.Test_AllUsage/iam_rule_create_usage (0.00s)
PASS cmd/scw.Test_AllUsage/annotations_key_get_usage (0.00s)
PASS cmd/scw.Test_AllUsage/iam_ssh-key_init_usage (0.00s)
PASS cmd/scw.Test_AllUsage/rdb_endpoint_get_usage (0.00s)
PASS cmd/scw.Test_AllUsage/iam_scim-tokens_delete_usage (0.01s)
PASS cmd/scw.Test_AllUsage/marketplace_local-image_list_usage (0.01s)
PASS cmd/scw.Test_AllUsage/rdb_snapshot_restore_usage (0.01s)
PASS cmd/scw.Test_AllUsage/marketplace_version_usage (0.00s)
PASS cmd/scw.Test_AllUsage/rdb_endpoint_delete_usage (0.00s)
PASS cmd/scw.Test_AllUsage/billing_budget_usage (0.00s)
PASS cmd/scw.Test_AllUsage/marketplace_image_get_usage (0.00s)
PASS cmd/scw.Test_AllUsage/autoscaling_servers_list_usage (0.00s)
PASS cmd/scw.Test_AllUsage/kafka_version_list_usage (0.00s)
PASS cmd/scw.Test_AllUsage/marketplace_version_get_usage (0.00s)
PASS cmd/scw.Test_AllUsage/autoscaling_logs_usage (0.00s)
PASS cmd/scw.Test_AllUsage/kafka_node-type_list_usage (0.00s)
PASS cmd/scw.Test_AllUsage/marketplace_version_list_usage (0.00s)
PASS cmd/scw.Test_AllUsage/kafka_users_usage (0.00s)
PASS cmd/scw.Test_AllUsage/autoscaling_logs_list_usage (0.00s)
PASS cmd/scw.Test_AllUsage/messageq_user_delete_usage (0.00s)
PASS cmd/scw.Test_AllUsage/kafka_cluster_renew-ca_usage (0.00s)
PASS cmd/scw.Test_AllUsage/autoscaling_group_delete_usage (0.00s)
PASS cmd/scw.Test_AllUsage/kafka_endpoint_usage (0.00s)
PASS cmd/scw.Test_AllUsage/autoscaling_group_usage (0.00s)
PASS cmd/scw.Test_AllUsage/autoscaling_group_update_usage (0.00s)
PASS cmd/scw.Test_AllUsage/kafka_cluster_usage (0.00s)
PASS cmd/scw.Test_AllUsage/autoscaling_usage (0.00s)
PASS cmd/scw.Test_AllUsage/kafka_version_usage (0.00s)
PASS cmd/scw.Test_AllUsage/kafka_users_update_usage (0.00s)
PASS cmd/scw.Test_AllUsage/iam_scim-tokens_create_usage (0.00s)
PASS cmd/scw.Test_AllUsage/kafka_node-type_usage (0.00s)
PASS cmd/scw.Test_AllUsage/iam_scim-tokens_list_usage (0.00s)
PASS cmd/scw.Test_AllUsage/kafka_users_list_usage (0.00s)
PASS cmd/scw.Test_AllUsage/iam_scim_delete_usage (0.00s)
PASS cmd/scw.Test_AllUsage/kafka_usage (0.00s)
PASS cmd/scw.Test_AllUsage/iam_organization_enable-scim_usage (0.00s)
PASS cmd/scw.Test_AllUsage/messageq_deployment_get_usage (0.00s)
PASS cmd/scw.Test_AllUsage/billing_budget-alert-notification_delete_usage (0.00s)
PASS cmd/scw.Test_AllUsage/iam_organization_get-scim_usage (0.00s)
PASS cmd/scw.Test_AllUsage/billing_budget-alert-notification_update_usage (0.00s)
PASS cmd/scw.Test_AllUsage/iam_saml-certificates_delete_usage (0.00s)
PASS cmd/scw.Test_AllUsage/iam_saml-certificates_add_usage (0.00s)
PASS cmd/scw.Test_AllUsage/iam_saml-certificates_list_usage (0.00s)
PASS cmd/scw.Test_AllUsage/iam_saml_delete_usage (0.00s)
PASS cmd/scw.Test_AllUsage/cockpit_contact-point_delete_usage (0.00s)
PASS cmd/scw.Test_AllUsage/billing_budget-alert-notification_create_usage (0.00s)
PASS cmd/scw.Test_AllUsage/messageq_deployment_upgrade_usage (0.00s)
PASS cmd/scw.Test_AllUsage/kafka_cluster_get-ca_usage (0.00s)
PASS cmd/scw.Test_AllUsage/messageq_deployment_update_usage (0.00s)
PASS cmd/scw.Test_AllUsage/messageq_user_update_usage (0.00s)
PASS cmd/scw.Test_AllUsage/messageq_user_create_usage (0.00s)
PASS cmd/scw.Test_AllUsage/messageq_deployment_create_usage (0.00s)
PASS cmd/scw.Test_AllUsage/kafka_cluster_delete_usage (0.00s)
PASS cmd/scw.Test_AllUsage/messageq_user_list_usage (0.00s)
PASS cmd/scw.Test_AllUsage/iam_application_update_usage (0.00s)
PASS cmd/scw.Test_AllUsage/messageq_endpoint_usage (0.00s)
PASS cmd/scw.Test_AllUsage/kafka_cluster_update_usage (0.00s)
PASS cmd/scw.Test_AllUsage/autoscaling_group_refresh_usage (0.00s)
PASS cmd/scw.Test_AllUsage/iam_organization_enable-saml_usage (0.00s)
PASS cmd/scw.Test_AllUsage/messageq_user_usage (0.00s)
PASS cmd/scw.Test_AllUsage/messageq_endpoint_delete_usage (0.00s)
PASS cmd/scw.Test_AllUsage/iam_organization_get-saml_usage (0.00s)
PASS cmd/scw.Test_AllUsage/messageq_endpoint_create_usage (0.00s)
PASS cmd/scw.Test_AllUsage/rdb_endpoint_migrate_usage (0.00s)
PASS cmd/scw.Test_AllUsage/iam_security-settings_update_usage (0.00s)
PASS cmd/scw.Test_AllUsage/messageq_node-type_usage (0.00s)
PASS cmd/scw.Test_AllUsage/rdb_snapshot_delete_usage (0.00s)
PASS cmd/scw.Test_AllUsage/iam_security-settings_get_usage (0.00s)
PASS cmd/scw.Test_AllUsage/messageq_deployment_usage (0.00s)
PASS cmd/scw.Test_AllUsage/messageq_version_usage (0.00s)
PASS cmd/scw.Test_AllUsage/k8s_acl_usage (0.00s)
PASS cmd/scw.Test_AllUsage/billing_budget_update_usage (0.00s)
PASS cmd/scw.Test_AllUsage/billing_budget-alert_delete_usage (0.00s)
PASS cmd/scw.Test_AllUsage/billing_budget-alert_update_usage (0.00s)
PASS cmd/scw.Test_AllUsage/billing_budget-alert_create_usage (0.00s)
PASS cmd/scw.Test_AllUsage/billing_budget_delete_usage (0.00s)
PASS cmd/scw.Test_AllUsage/cockpit_test-alert_trigger_usage (0.00s)
PASS cmd/scw.Test_AllUsage/iam_ssh-key_list_usage (0.00s)
PASS cmd/scw.Test_AllUsage/iam_application_get_usage (0.00s)
PASS cmd/scw.Test_AllUsage/billing_budget_create_usage (0.00s)
PASS cmd/scw.Test_AllUsage/iam_application_create_usage (0.00s)
PASS cmd/scw.Test_AllUsage/billing_budget_get_usage (0.00s)
PASS cmd/scw.Test_AllUsage/billing_budget_list_usage (0.00s)
PASS cmd/scw.Test_AllUsage/billing_budget-alert-notification_usage (0.00s)
PASS cmd/scw.Test_AllUsage/billing_budget-alert_usage (0.00s)
PASS cmd/scw.Test_AllUsage/iam_saml_update_usage (0.00s)
PASS cmd/scw.Test_AllUsage/iam_jwt_usage (0.00s)
PASS cmd/scw.Test_AllUsage/iam_permission-set_usage (0.00s)
PASS cmd/scw.Test_AllUsage/messageq_usage (0.00s)
PASS cmd/scw.Test_AllUsage/iam_rule_usage (0.00s)
PASS cmd/scw.Test_AllUsage/iam_scim-tokens_usage (0.00s)
PASS cmd/scw.Test_AllUsage/autoscaling_alerts_list_usage (0.00s)
PASS cmd/scw.Test_AllUsage/iam_policy_usage (0.00s)
PASS cmd/scw.Test_AllUsage/iam_application_list_usage (0.00s)
PASS cmd/scw.Test_AllUsage/iam_log_get_usage (0.00s)
PASS cmd/scw.Test_AllUsage/iam_application_usage (0.00s)
PASS cmd/scw.Test_AllUsage/iam_user_unlock_usage (0.00s)
PASS cmd/scw.Test_AllUsage/iam_scim_usage (0.00s)
PASS cmd/scw.Test_AllUsage/iam_log_list_usage (0.01s)
PASS cmd/scw.Test_AllUsage/iam_user_lock_usage (0.01s)
PASS cmd/scw.Test_AllUsage/iam_user_usage (0.00s)
PASS cmd/scw.Test_AllUsage/iam_security-settings_usage (0.00s)
PASS cmd/scw.Test_AllUsage/iam_jwt_delete_usage (0.00s)
PASS cmd/scw.Test_AllUsage/iam_api-key_usage (0.00s)
PASS cmd/scw.Test_AllUsage/partner_organization_update_usage (0.00s)
PASS cmd/scw.Test_AllUsage/iam_saml-certificates_usage (0.00s)
PASS cmd/scw.Test_AllUsage/iam_user_update-password_usage (0.00s)
PASS cmd/scw.Test_AllUsage/iam_group_usage (0.00s)
PASS cmd/scw.Test_AllUsage/iam_jwt_get_usage (0.00s)
PASS cmd/scw.Test_AllUsage/iam_user_update-username_usage (0.00s)
PASS cmd/scw.Test_AllUsage/iam_ssh-key_usage (0.00s)
PASS cmd/scw.Test_AllUsage/iam_saml_usage (0.00s)
PASS cmd/scw.Test_AllUsage/iam_jwt_list_usage (0.00s)
PASS cmd/scw.Test_AllUsage/iam_user_create_usage (0.00s)
PASS cmd/scw.Test_AllUsage/product-catalog_product_usage (0.00s)
PASS cmd/scw.Test_AllUsage/autoscaling_group_list_usage (0.00s)
PASS cmd/scw.Test_AllUsage/iam_user_delete_usage (0.00s)
PASS cmd/scw.Test_AllUsage/iam_organization_usage (0.00s)
PASS cmd/scw.Test_AllUsage/autoscaling_group_get_usage (0.00s)
PASS cmd/scw.Test_AllUsage/billing_usage#01 (0.00s)
PASS cmd/scw.Test_AllUsage/cockpit_contact-point_list_usage (0.00s)
PASS cmd/scw.Test_AllUsage/environmental-footprint_data_get_usage (0.00s)
PASS cmd/scw.Test_AllUsage/iam_api-key_delete_usage (0.00s)
PASS cmd/scw.Test_AllUsage/messageq_node-type_list_usage (0.00s)
PASS cmd/scw.Test_AllUsage/iam_api-key_update_usage (0.00s)
PASS cmd/scw.Test_AllUsage/search_resource_search_usage (0.00s)
PASS cmd/scw.Test_AllUsage/iam_api-key_get_usage (0.00s)
PASS cmd/scw.Test_AllUsage/messageq_version_list_usage (0.00s)
PASS cmd/scw.Test_AllUsage/search_resource_usage (0.00s)
PASS cmd/scw.Test_AllUsage/search_usage (0.00s)
PASS cmd/scw.Test_AllUsage/environmental-footprint_data_usage (0.00s)
PASS cmd/scw.Test_AllUsage/iam_api-key_create_usage (0.00s)
PASS cmd/scw.Test_AllUsage/environmental-footprint_report_get_usage (0.00s)
PASS cmd/scw.Test_AllUsage/mcp_server_list-resources_usage (0.00s)
PASS cmd/scw.Test_AllUsage/environmental-footprint_report_list_usage (0.00s)
PASS cmd/scw.Test_AllUsage/mcp_server_list-tools_usage (0.00s)
PASS cmd/scw.Test_AllUsage/iam_api-key_list_usage (0.00s)
PASS cmd/scw.Test_AllUsage/mcp_server_serve_usage (0.00s)
PASS cmd/scw.Test_AllUsage/iam_group_delete_usage (0.00s)
PASS cmd/scw.Test_AllUsage/mcp_server_usage (0.00s)
PASS cmd/scw.Test_AllUsage/iam_permission-set_list_usage (0.00s)
PASS cmd/scw.Test_AllUsage/iam_rule_list_usage (0.00s)
PASS cmd/scw.Test_AllUsage/iam_rule_update_usage (0.01s)
PASS cmd/scw.Test_AllUsage/mcp_usage (0.00s)
PASS cmd/scw.Test_AllUsage/iam_policy_clone_usage (0.00s)
PASS cmd/scw.Test_AllUsage/product-catalog_product_list_usage (0.00s)
PASS cmd/scw.Test_AllUsage/iam_policy_delete_usage (0.00s)
PASS cmd/scw.Test_AllUsage/iam_group_remove-member_usage (0.00s)
PASS cmd/scw.Test_AllUsage/iam_policy_update_usage (0.00s)
PASS cmd/scw.Test_AllUsage/kafka_cluster_get_usage (0.00s)
PASS cmd/scw.Test_AllUsage/iam_group_add-members_usage (0.00s)
PASS cmd/scw.Test_AllUsage/messageq_deployment_list_usage (0.00s)
PASS cmd/scw.Test_AllUsage/iam_group_add-member_usage (0.00s)
PASS cmd/scw.Test_AllUsage/environmental-footprint_usage (0.00s)
PASS cmd/scw.Test_AllUsage/iam_policy_get_usage (0.00s)
PASS cmd/scw.Test_AllUsage/iam_policy_create_usage (0.00s)
PASS cmd/scw.Test_AllUsage/iam_ssh-key_get_usage (0.00s)
PASS cmd/scw.Test_AllUsage/iam_policy_list_usage (0.00s)
PASS cmd/scw.Test_AllUsage/iam_group_set-members_usage (0.00s)
PASS cmd/scw.Test_AllUsage/iam_ssh-key_update_usage (0.00s)
PASS cmd/scw.Test_AllUsage/iam_ssh-key_create_usage (0.00s)
PASS cmd/scw.Test_AllUsage/kafka_cluster_create_usage (0.00s)
PASS cmd/scw.Test_AllUsage/messageq_deployment_delete_usage (0.00s)
PASS cmd/scw.Test_AllUsage/partner_organization_unlock_usage (0.00s)
PASS cmd/scw.Test_AllUsage/partner_organization_lock_usage (0.01s)
PASS cmd/scw.Test_AllUsage/iam_group_create_usage (0.00s)
PASS cmd/scw.Test_AllUsage/iam_user_get_usage (0.00s)
PASS cmd/scw.Test_AllUsage/iam_group_update_usage (0.00s)
PASS cmd/scw.Test_AllUsage/iam_user_list_usage (0.00s)
PASS cmd/scw.Test_AllUsage/iam_group_get_usage (0.00s)
PASS cmd/scw.Test_AllUsage/autoscaling_alerts_usage (0.00s)
PASS cmd/scw.Test_AllUsage/iam_group_list_usage (0.00s)
PASS cmd/scw.Test_AllUsage/iam_application_delete_usage (0.00s)
PASS cmd/scw.Test_AllUsage/autoscaling_servers_usage (0.00s)
PASS cmd/scw.Test_AllUsage/iam_user_update_usage (0.00s)
PASS cmd/scw.Test_AllUsage/product-catalog_usage (0.00s)
PASS cmd/scw.Test_AllUsage/autoscaling_group_create_usage (0.00s)
PASS cmd/scw.Test_AllUsage/iam_ssh-key_delete_usage (0.00s)
PASS cmd/scw.Test_AllUsage/environmental-footprint_report_usage (0.00s)
PASS cmd/scw.Test_AllUsage/iam_log_usage (0.00s)
PASS cmd/scw.Test_AllUsage (2.53s)
PASS cmd/scw.Test_WebValidateTemplates (0.00s)
PASS cmd/scw.Test_WebValidateTemplatesVariables (0.00s)
PASS cmd/scw
EMPTY cmd/scw-doc-gen
EMPTY cmd/scw-qa
EMPTY cmd/scw-sweeper
EMPTY commands
PASS core.TestCommandMatchAlias (0.00s)
PASS core.TestAliasChildCommand (0.00s)
PASS core.TestOneOf (0.00s)
PASS core.TestAutocomplete/scw_ (0.00s)
PASS core.TestAutocomplete/scw_te (0.00s)
PASS core.TestAutocomplete/scw_test (0.00s)
PASS core.TestAutocomplete/scw__flower_create_name=plop (0.00s)
PASS core.TestAutocomplete/scw_te_flower_create_name=plop (0.00s)
PASS core.TestAutocomplete/scw_test_ (0.00s)
PASS core.TestAutocomplete/scw_test_fl (0.00s)
PASS core.TestAutocomplete/scw_test_flower_ (0.00s)
PASS core.TestAutocomplete/scw_test_flower_cr (0.00s)
PASS core.TestAutocomplete/scw_test_flower_d (0.00s)
PASS core.TestAutocomplete/scw_test_flower_create_ (0.00s)
PASS core.TestAutocomplete/scw_test_flower_create_n (0.00s)
PASS core.TestAutocomplete/scw_test_flower_create_name (0.00s)
PASS core.TestAutocomplete/scw_test_flower_create_name= (0.00s)
PASS core.TestAutocomplete/scw_test_flower_create_name_n (0.00s)
PASS core.TestAutocomplete/scw_test_flower_create_name=p (0.00s)
PASS core.TestAutocomplete/scw_test_flower_create_name=p_ (0.00s)
PASS core.TestAutocomplete/scw_test_flower_create_name=plop_n (0.00s)
PASS core.TestAutocomplete/scw_test_flower_create_n_name=plop (0.00s)
PASS core.TestAutocomplete/scw_test_flower_create_s (0.00s)
PASS core.TestAutocomplete/scw_test_flower_create_species= (0.00s)
PASS core.TestAutocomplete/scw_test_flower_create_species=v (0.00s)
PASS core.TestAutocomplete/scw_test_flower_create_size=a1b2c (0.00s)
PASS core.TestAutocomplete/scw_test_flower_create_colo (0.00s)
PASS core.TestAutocomplete/scw_test_flower_create_colours.0 (0.00s)
PASS core.TestAutocomplete/scw_test_flower_create_colours.0= (0.00s)
PASS core.TestAutocomplete/scw_test_flower_create_colours.0=r (0.00s)
PASS core.TestAutocomplete/scw_test_flower_create_colo_colours.1=red (0.00s)
PASS core.TestAutocomplete/scw_test_flower_create_colo_colours.0=blue_colours.1=red (0.00s)
PASS core.TestAutocomplete/scw_test_flower_create_colours.0=blue_colours.1=r (0.00s)
PASS core.TestAutocomplete/scw_test_flower_create_leaves. (0.00s)
PASS core.TestAutocomplete/scw_test_flower_create_leaves.0 (0.00s)
PASS core.TestAutocomplete/scw_test_flower_create_leaves.0. (0.00s)
PASS core.TestAutocomplete/scw_test_flower_create_leaves.0.size=M (0.00s)
PASS core.TestAutocomplete/scw_test_flower_create_leaves.0.size=M_leaves (0.00s)
PASS core.TestAutocomplete/scw_test_flower_create_leaves.0.size=M_leaves_leaves.1.size=M (0.00s)
PASS core.TestAutocomplete/scw_test_flower_delete_ (0.00s)
PASS core.TestAutocomplete/scw_test_flower_delete_w (0.00s)
PASS core.TestAutocomplete/scw_test_flower_delete_h (0.00s)
PASS core.TestAutocomplete/scw_test_flower_delete_with-leaves=true_ (0.00s)
PASS core.TestAutocomplete/scw_test_flower_delete_hibiscus_n (0.00s)
PASS core.TestAutocomplete/scw_test_flower_delete_hibiscus_w (0.00s)
PASS core.TestAutocomplete/scw_test_flower_delete_hibiscus_with-leaves=true (0.00s)
PASS core.TestAutocomplete/scw_test_flower_delete_hibiscus_with-leaves=true_ (0.00s)
PASS core.TestAutocomplete/scw_test_flower_delete_hibiscus_with-leaves= (0.00s)
PASS core.TestAutocomplete/scw_test_flower_delete_hibiscus_with-leaves=tr (0.00s)
PASS core.TestAutocomplete/scw_test_flower_delete_hibiscus_with-leaves=yes (0.00s)
PASS core.TestAutocomplete/scw_test_flower_create_leaves.0.size= (0.00s)
PASS core.TestAutocomplete/scw_- (0.00s)
PASS core.TestAutocomplete/scw_test_-o_j (0.00s)
PASS core.TestAutocomplete/scw_test_flower_-o_ (0.00s)
PASS core.TestAutocomplete/scw_test_flower_-o_json_create_- (0.00s)
PASS core.TestAutocomplete/scw_test_flower_create_name=p_-o_j (0.00s)
PASS core.TestAutocomplete/scw_test_flower_create_name=p_-o_json_ (0.00s)
PASS core.TestAutocomplete/scw_test_flower_create_name=p_-o=json_ (0.00s)
PASS core.TestAutocomplete/scw_test_flower_create_name=p_-o=jso (0.00s)
PASS core.TestAutocomplete/scw_test_flower_create_name=p_-o (0.00s)
PASS core.TestAutocomplete/scw_test_-o_json_flower_create_ (0.00s)
PASS core.TestAutocomplete/scw_test_flower_create_name=p_--profile_xxxx_ (0.00s)
PASS core.TestAutocomplete/scw_test_--profile_xxxx_flower_create_name=p_ (0.00s)
PASS core.TestAutocomplete/scw_test_flower_create_name=p_--profile_xxxx (0.00s)
PASS core.TestAutocomplete/scw_test_flower_-o_json_delete_- (0.00s)
PASS core.TestAutocomplete/scw_test_flower_delete_-o_ (0.00s)
PASS core.TestAutocomplete/scw_test_flower_delete_-o_j (0.00s)
PASS core.TestAutocomplete/scw_test_flower_delete_-o_json_ (0.00s)
PASS core.TestAutocomplete/scw_test_flower_delete_-o=json_ (0.00s)
PASS core.TestAutocomplete/scw_test_flower_delete_-o_json_hibiscus_w (0.00s)
PASS core.TestAutocomplete/scw_test_flower_delete_-o=json_hibiscus_w (0.00s)
PASS core.TestAutocomplete (0.01s)
PASS core.TestAutocompleteArgs/scw_test_flower_get_ (0.00s)
PASS core.TestAutocompleteArgs/scw_test_flower_get_material-name= (0.00s)
PASS core.TestAutocompleteArgs/scw_test_flower_get_material-name=mat_ (0.00s)
PASS core.TestAutocompleteArgs/scw_test_flower_create_name= (0.00s)
PASS core.TestAutocompleteArgs (0.00s)
PASS core.TestAutocompleteProfiles/scw_-p_ (0.00s)
PASS core.TestAutocompleteProfiles/scw_test_-p_ (0.00s)
PASS core.TestAutocompleteProfiles/scw_test_flower_--profile_ (0.00s)
PASS core.TestAutocompleteProfiles/scw_-p_#01 (0.00s)
PASS core.TestAutocompleteProfiles/scw_test_-p_#01 (0.00s)
PASS core.TestAutocompleteProfiles/scw_test_flower_--profile_#01 (0.00s)
PASS core.TestAutocompleteProfiles (0.00s)
PASS core.TestAutocompleteDeprecatedCommand/scw_test_flower_deprecated (0.00s)
PASS core.TestAutocompleteDeprecatedCommand (0.00s)
SKIP core.TestInterruptError (0.00s)
PASS core.Test_CheckVersion/Outdated_version (0.19s)
PASS core.Test_CheckVersion/Already_checked (0.00s)
PASS core.Test_CheckVersion/Check_more_than_24h_ago (0.08s)
PASS core.Test_CheckVersion/Up_to_date_version (0.08s)
PASS core.Test_CheckVersion (0.00s)
PASS core.TestCheckAPIKey/basic (0.33s)
PASS core.TestCheckAPIKey (0.00s)
PASS core.Test_UnknownCommand/UnknownResource (0.00s)
PASS core.Test_UnknownCommand/UnknownVerb (0.00s)
PASS core.Test_UnknownCommand (0.00s)
PASS core.Test_DeprecatedCommand/#00 (0.00s)
PASS core.Test_DeprecatedCommand (0.00s)
PASS core.Test_buildUsageArgs (0.00s)
PASS core.Test_handleUnmarshalErrors/underscore (0.00s)
PASS core.Test_handleUnmarshalErrors/relative_date (0.00s)
PASS core.Test_handleUnmarshalErrors/value_only (0.00s)
PASS core.Test_handleUnmarshalErrors (0.00s)
PASS core.Test_RawArgs/Simple (0.00s)
PASS core.Test_RawArgs/Multiple (0.00s)
PASS core.Test_RawArgs (0.00s)
PASS core.Test_PositionalArg/Error/Missing1 (0.00s)
PASS core.Test_PositionalArg/Error/Missing2 (0.00s)
PASS core.Test_PositionalArg/Error (0.00s)
PASS core.Test_PositionalArg/simple (0.00s)
PASS core.Test_PositionalArg/full_command (0.00s)
PASS core.Test_PositionalArg/multi_positional_json (0.00s)
PASS core.Test_PositionalArg/multi_positional (0.00s)
PASS core.Test_PositionalArg/full_command#01 (0.00s)
PASS core.Test_PositionalArg/simple3 (0.00s)
PASS core.Test_PositionalArg/simple4 (0.00s)
PASS core.Test_PositionalArg/simple2 (0.00s)
PASS core.Test_PositionalArg (0.00s)
PASS core.Test_MultiPositionalArg/multi-positional_with_one_positional (0.00s)
PASS core.Test_MultiPositionalArg/multi-positional_with_no_positional (0.00s)
PASS core.Test_MultiPositionalArg/multi-positional_with_multi_positional (0.00s)
PASS core.Test_MultiPositionalArg (0.00s)
PASS core.Test_CombineCommandInterceptor/simple (0.00s)
PASS core.Test_CombineCommandInterceptor/with_two_interceptor (0.00s)
PASS core.Test_CombineCommandInterceptor/with_nil (0.00s)
PASS core.Test_CombineCommandInterceptor/with_three_interceptor (0.00s)
PASS core.Test_CombineCommandInterceptor (0.00s)
PASS core.Test_ApplyDefaultValues/Simple (0.00s)
PASS core.Test_ApplyDefaultValues/Nested (0.00s)
PASS core.Test_ApplyDefaultValues/Slice (0.00s)
PASS core.Test_ApplyDefaultValues/Map (0.00s)
PASS core.Test_ApplyDefaultValues/Map_of_slice (0.00s)
PASS core.Test_ApplyDefaultValues (0.00s)
PASS core.Test_CorePrinter/human-simple-without-option (0.00s)
PASS core.Test_CorePrinter/human-list-with-options (0.00s)
PASS core.Test_CorePrinter/human-list-with-options-unknown-column (0.00s)
PASS core.Test_CorePrinter/human-list-without-option (0.00s)
PASS core.Test_CorePrinter/human-simple-with-options (0.00s)
PASS core.Test_CorePrinter (0.00s)
PASS core.Test_YamlPrinter/human-simple-without-option (0.00s)
PASS core.Test_YamlPrinter/human-list-with-options (0.00s)
PASS core.Test_YamlPrinter/nil-slice (0.00s)
PASS core.Test_YamlPrinter/human-list-with-options-unknown-column (0.00s)
PASS core.Test_YamlPrinter/human-list-without-option (0.00s)
PASS core.Test_YamlPrinter/human-simple-with-options (0.00s)
PASS core.Test_YamlPrinter (0.00s)
PASS core.Test_TemplatePrinter/template-simple-without-option (0.00s)
PASS core.Test_TemplatePrinter/template-list-with-options (0.00s)
PASS core.Test_TemplatePrinter/nil-slice (0.00s)
PASS core.Test_TemplatePrinter/template-list-with-options-unknown-column (0.00s)
PASS core.Test_TemplatePrinter/template-list-without-option (0.00s)
PASS core.Test_TemplatePrinter/template-simple-with-options (0.00s)
PASS core.Test_TemplatePrinter (0.00s)
PASS core.Test_getValuesForFieldByName/Simple_test (0.00s)
PASS core.Test_getValuesForFieldByName/Error_test (0.00s)
PASS core.Test_getValuesForFieldByName/Special_test (0.00s)
PASS core.Test_getValuesForFieldByName (0.00s)
PASS core.TestResult (0.00s)
PASS core.TestShell_OptionToArgSpecName (0.00s)
PASS core.TestShell_isOption (0.00s)
PASS core.TestGoldenIgnoreLines (0.00s)
PASS core.Test_DefaultCommandValidateFunc/simple (0.00s)
PASS core.Test_DefaultCommandValidateFunc/map (0.00s)
PASS core.Test_DefaultCommandValidateFunc/slice (0.00s)
PASS core.Test_DefaultCommandValidateFunc/slice-of-slice (0.00s)
PASS core.Test_DefaultCommandValidateFunc/new-field (0.00s)
PASS core.Test_DefaultCommandValidateFunc/anonymous-field (0.00s)
PASS core.Test_DefaultCommandValidateFunc (0.00s)
PASS core.Test_DefaultCommandRequiredFunc/required-struct (0.00s)
PASS core.Test_DefaultCommandRequiredFunc/fail-required-struct (0.00s)
PASS core.Test_DefaultCommandRequiredFunc/required-index (0.00s)
PASS core.Test_DefaultCommandRequiredFunc/fail-required-index (0.00s)
PASS core.Test_DefaultCommandRequiredFunc (0.00s)
PASS core.Test_ValidateNoConflict/No_conflict (0.00s)
PASS core.Test_ValidateNoConflict/SSH_example (0.00s)
PASS core.Test_ValidateNoConflict (0.00s)
PASS core.Test_ValidateDeprecated/Deprecated (0.00s)
PASS core.Test_ValidateDeprecated (0.00s)
PASS core.TestNewOneOfGroupManager/Basic_OneOf_Groups (0.00s)
PASS core.TestNewOneOfGroupManager/With_Required_Group (0.00s)
PASS core.TestNewOneOfGroupManager/With_two_Group_no_required (0.00s)
PASS core.TestNewOneOfGroupManager/With_two_Group_with_one_required (0.00s)
PASS core.TestNewOneOfGroupManager (0.00s)
PASS core.TestValidateRequiredOneOfGroups/Required_group_satisfied_with_first_argument (0.00s)
PASS core.TestValidateRequiredOneOfGroups/Required_group_satisfied_with_second_argument (0.00s)
PASS core.TestValidateRequiredOneOfGroups/Required_group_not_satisfied (0.00s)
PASS core.TestValidateRequiredOneOfGroups (0.00s)
PASS core.TestValidateUniqueOneOfGroups/Required_group_satisfied_with_first_argument (0.00s)
PASS core.TestValidateUniqueOneOfGroups/No_arguments_passed (0.00s)
PASS core.TestValidateUniqueOneOfGroups/Multiple_groups,_all_satisfied (0.00s)
PASS core.TestValidateUniqueOneOfGroups/Multiple_groups,_one_satisfied (0.00s)
PASS core.TestValidateUniqueOneOfGroups/Multiple_groups,_not_exclusive_argument_for_groups_2 (0.00s)
PASS core.TestValidateUniqueOneOfGroups/Multiple_groups,_not_exclusive_argument_for_groups_1 (0.00s)
PASS core.TestValidateUniqueOneOfGroups/One_group,_not_exclusive_argument_for_groups_1 (0.00s)
PASS core.TestValidateUniqueOneOfGroups (0.00s)
PASS core.Test_ValidateOneOf/Simple_one-of_validation_check (0.00s)
PASS core.Test_ValidateOneOf/Indexed_arguments'_exclusivity_check (0.00s)
PASS core.Test_ValidateOneOf/Ungrouped_argument_with_unsatisfied_group_fails (0.00s)
PASS core.Test_ValidateOneOf/Exclusive_all_SSH_keys_and_indexed_key_test (0.00s)
PASS core.Test_ValidateOneOf/Required_indexed_argument_satisfies_condition (0.00s)
PASS core.Test_ValidateOneOf/Passing_an_indexed_argument_test (0.00s)
PASS core.Test_ValidateOneOf/Check_for_mutual_exclusivity_in_arguments (0.00s)
PASS core.Test_ValidateOneOf/Three_arguments'_mutual_exclusivity_test (0.00s)
PASS core.Test_ValidateOneOf/Fail_when_required_group_is_missing (0.00s)
PASS core.Test_ValidateOneOf/Required_argument_group_check_passes (0.00s)
PASS core.Test_ValidateOneOf (0.00s)
PASS core
PASS core/human.TestMarshal/struct (0.00s)
PASS core/human.TestMarshal/structWithMapsInSection (0.00s)
PASS core/human.TestMarshal/struct2 (0.00s)
PASS core/human.TestMarshal/hide_if_empty_pointer_1 (0.00s)
PASS core/human.TestMarshal/hide_if_empty_pointer_2 (0.00s)
PASS core/human.TestMarshal/hide_if_empty_string (0.00s)
PASS core/human.TestMarshal/empty_string (0.00s)
PASS core/human.TestMarshal/nil (0.00s)
PASS core/human.TestMarshal/anonymous (0.00s)
PASS core/human.TestMarshal/any (0.00s)
PASS core/human.TestMarshal (0.00s)
PASS core/human.Test_getStructFieldsIndex/simple (0.00s)
PASS core/human.Test_getStructFieldsIndex/structs (0.00s)
PASS core/human.Test_getStructFieldsIndex (0.00s)
PASS core/human (cached)
EMPTY internal/account
PASS internal/alias.TestConfig_ResolveAliases/Resolve_TestCase0 (0.00s)
PASS internal/alias.TestConfig_ResolveAliases/Resolve_TestCase1 (0.00s)
PASS internal/alias.TestConfig_ResolveAliases/Resolve_TestCase2 (0.00s)
PASS internal/alias.TestConfig_ResolveAliases (0.00s)
PASS internal/alias (cached)
PASS internal/args.TestRawArgs_GetAll/Simple (0.00s)
PASS internal/args.TestRawArgs_GetAll/Insane (0.00s)
PASS internal/args.TestRawArgs_GetAll (0.00s)
PASS internal/args.TestGetArgType/Simple (0.00s)
PASS internal/args.TestGetArgType/Simple_int (0.00s)
PASS internal/args.TestGetArgType/Ptr (0.00s)
PASS internal/args.TestGetArgType/simple_slice (0.00s)
PASS internal/args.TestGetArgType/simple_slice_ptr (0.00s)
PASS internal/args.TestGetArgType/nested_simple (0.00s)
PASS internal/args.TestGetArgType/nested_empty (0.00s)
PASS internal/args.TestGetArgType/merge_simple (0.00s)
PASS internal/args.TestGetArgType/merge_simple_all (0.00s)
PASS internal/args.TestGetArgType (0.00s)
PASS internal/args.TestMarshal/basic (0.00s)
PASS internal/args.TestMarshal/no-default (0.00s)
PASS internal/args.TestMarshal/data-must-be-a-pointer (0.00s)
PASS internal/args.TestMarshal/basic-slice (0.00s)
PASS internal/args.TestMarshal/empty-slice (0.00s)
PASS internal/args.TestMarshal/well-known-types (0.00s)
PASS internal/args.TestMarshal/nested-basic (0.00s)
PASS internal/args.TestMarshal/map-basic (0.00s)
PASS internal/args.TestMarshal/custom (0.00s)
PASS internal/args.TestMarshal/insane (0.00s)
PASS internal/args.TestMarshal/data-is-a-map (0.00s)
PASS internal/args.TestMarshal/data-is-an-enum (0.00s)
PASS internal/args.TestMarshal/data-is-raw-args (0.00s)
PASS internal/args.TestMarshal/data-is-height-set (0.00s)
PASS internal/args.TestMarshal/data-is-empty-custom-args (0.00s)
PASS internal/args.TestMarshal (0.00s)
PASS internal/args.TestMarshalValue/string (0.00s)
PASS internal/args.TestMarshalValue/int (0.00s)
PASS internal/args.TestMarshalValue/custom (0.00s)
PASS internal/args.TestMarshalValue/nil (0.00s)
PASS internal/args.TestMarshalValue/nil-slice (0.00s)
PASS internal/args.TestMarshalValue/empty-slice (0.00s)
PASS internal/args.TestMarshalValue/custom-func (0.00s)
PASS internal/args.TestMarshalValue/a-struct (0.00s)
PASS internal/args.TestMarshalValue (0.00s)
PASS internal/args.TestUnmarshalStruct/basic (0.00s)
PASS internal/args.TestUnmarshalStruct/false-bool (0.00s)
PASS internal/args.TestUnmarshalStruct/data-must-be-a-pointer (0.00s)
PASS internal/args.TestUnmarshalStruct/invalid-arg-name (0.00s)
PASS internal/args.TestUnmarshalStruct/field-do-not-exist (0.00s)
PASS internal/args.TestUnmarshalStruct/invalid-bool (0.00s)
PASS internal/args.TestUnmarshalStruct/missing-slice-index (0.00s)
PASS internal/args.TestUnmarshalStruct/missing-slice-indices (0.00s)
PASS internal/args.TestUnmarshalStruct/missing-slice-indices-overflow (0.00s)
PASS internal/args.TestUnmarshalStruct/duplicate-slice-index (0.00s)
PASS internal/args.TestUnmarshalStruct/slice-with-negative-index (0.00s)
PASS internal/args.TestUnmarshalStruct/nested-slice-with-invalid-index (0.00s)
PASS internal/args.TestUnmarshalStruct/basic-slice (0.00s)
PASS internal/args.TestUnmarshalStruct/empty-slice (0.00s)
PASS internal/args.TestUnmarshalStruct/none-on-non-pointer-slice (0.00s)
PASS internal/args.TestUnmarshalStruct/simple-parent-child-conflict (0.00s)
PASS internal/args.TestUnmarshalStruct/simple-child-parent-conflict (0.00s)
PASS internal/args.TestUnmarshalStruct/well-known-types (0.00s)
PASS internal/args.TestUnmarshalStruct/Absolute_date (0.00s)
PASS internal/args.TestUnmarshalStruct/Relative_date_positive (0.00s)
PASS internal/args.TestUnmarshalStruct/Relative_date_negative (0.00s)
PASS internal/args.TestUnmarshalStruct/Unknown_relative_date_markers (0.00s)
PASS internal/args.TestUnmarshalStruct/nested-basic (0.00s)
PASS internal/args.TestUnmarshalStruct/map-basic (0.00s)
PASS internal/args.TestUnmarshalStruct/custom (0.00s)
PASS internal/args.TestUnmarshalStruct/insane (0.00s)
PASS internal/args.TestUnmarshalStruct/insane_empty_struct (0.00s)
PASS internal/args.TestUnmarshalStruct/data-is-a-map (0.00s)
PASS internal/args.TestUnmarshalStruct/IP (0.00s)
PASS internal/args.TestUnmarshalStruct/data-is-an-enum (0.00s)
PASS internal/args.TestUnmarshalStruct/data-is-raw-args (0.00s)
PASS internal/args.TestUnmarshalStruct/height-set (0.00s)
PASS internal/args.TestUnmarshalStruct/height-not-set (0.00s)
PASS internal/args.TestUnmarshalStruct/duplicate-keys-simple (0.00s)
PASS internal/args.TestUnmarshalStruct/duplicate-keys-insane (0.00s)
PASS internal/args.TestUnmarshalStruct/anonymous-nested-field (0.00s)
PASS internal/args.TestUnmarshalStruct/recursive-with-map-of-recursive-with-one-field-set (0.00s)
PASS internal/args.TestUnmarshalStruct/recursive-with-map-of-recursive-with-multiple-fields-set (0.00s)
PASS internal/args.TestUnmarshalStruct/common-prefix-args (0.00s)
PASS internal/args.TestUnmarshalStruct/bool-without-equal (0.00s)
PASS internal/args.TestUnmarshalStruct/bool-without-value (0.00s)
PASS internal/args.TestUnmarshalStruct/string-without-equal (0.00s)
PASS internal/args.TestUnmarshalStruct/string-without-value (0.00s)
PASS internal/args.TestUnmarshalStruct/strings-without-equal (0.00s)
PASS internal/args.TestUnmarshalStruct/strings-without-value (0.00s)
PASS internal/args.TestUnmarshalStruct (0.00s)
PASS internal/args.TestIsUmarshalableValue/string (0.00s)
PASS internal/args.TestIsUmarshalableValue/int (0.00s)
PASS internal/args.TestIsUmarshalableValue/custom (0.00s)
PASS internal/args.TestIsUmarshalableValue/nil (0.00s)
PASS internal/args.TestIsUmarshalableValue/custom-func (0.00s)
PASS internal/args.TestIsUmarshalableValue/a-struct (0.00s)
PASS internal/args.TestIsUmarshalableValue/str-pointer (0.00s)
PASS internal/args.TestIsUmarshalableValue/custom-func-pointer (0.00s)
PASS internal/args.TestIsUmarshalableValue/custom-pointer (0.00s)
PASS internal/args.TestIsUmarshalableValue/custom-pointer#01 (0.00s)
PASS internal/args.TestIsUmarshalableValue/custom-pointer#02 (0.00s)
PASS internal/args.TestIsUmarshalableValue (0.00s)
PASS internal/args (cached)
EMPTY internal/cache
EMPTY internal/config
EMPTY internal/docgen
SKIP internal/e2e.TestStandardErrors (0.00s)
SKIP internal/e2e.TestTestCommand (0.00s)
SKIP internal/e2e.TestHumanCreate (0.00s)
SKIP internal/e2e.TestHumanList (0.00s)
SKIP internal/e2e.TestHumanUpdate (0.00s)
SKIP internal/e2e.TestHumanGet (0.00s)
SKIP internal/e2e.TestHumanDelete (0.00s)
PASS internal/e2e.TestHumanRun/usage (0.00s)
PASS internal/e2e.TestHumanRun (0.00s)
SKIP internal/e2e.TestSdkStandardErrors (0.00s)
PASS internal/e2e
PASS internal/editor.Test_updateResourceEditor (0.00s)
PASS internal/editor.Test_updateResourceEditor_pointers (0.00s)
PASS internal/editor.Test_updateResourceEditor_map (0.00s)
PASS internal/editor.Test_valueMapper (0.00s)
PASS internal/editor.Test_valueMapperInvalidType (0.00s)
PASS internal/editor.Test_valueMapperDifferentFields (0.00s)
PASS internal/editor.Test_valueMapperPointers (0.00s)
PASS internal/editor.Test_valueMapperPointersWithPointers (0.00s)
PASS internal/editor.Test_valueMapperSlice (0.00s)
PASS internal/editor.Test_valueMapperSliceOfPointers (0.00s)
PASS internal/editor.Test_valueMapperSliceStructPointer (0.00s)
PASS internal/editor.Test_valueMapperTags (0.00s)
PASS internal/editor.Test_deleteRecursive (0.00s)
PASS internal/editor.Test_deleteRecursiveSlice (0.00s)
PASS internal/editor.Test_createGetResourceRequest (0.00s)
PASS internal/editor (cached)
EMPTY internal/fetch
PASS internal/gofields.TestGetValue/Simple (0.00s)
PASS internal/gofields.TestGetValue/Nested (0.00s)
PASS internal/gofields.TestGetValue/Slice (0.00s)
PASS internal/gofields.TestGetValue/Map (0.00s)
PASS internal/gofields.TestGetValue/UnknownField (0.00s)
PASS internal/gofields.TestGetValue/UnknownNestedField (0.00s)
PASS internal/gofields.TestGetValue/InvalidSliceIndex (0.00s)
PASS internal/gofields.TestGetValue/OutOfRangeSliceIndex (0.00s)
PASS internal/gofields.TestGetValue/UnknownMapKey (0.00s)
PASS internal/gofields.TestGetValue/Nil (0.00s)
PASS internal/gofields.TestGetValue/NestedNil (0.00s)
PASS internal/gofields.TestGetValue/AnonymousField (0.00s)
PASS internal/gofields.TestGetValue/PrivateField (0.00s)
PASS internal/gofields.TestGetValue (0.00s)
PASS internal/gofields.TestGetType/Simple (0.00s)
PASS internal/gofields.TestGetType/Nested (0.00s)
PASS internal/gofields.TestGetType/Slice (0.00s)
PASS internal/gofields.TestGetType/Map (0.00s)
PASS internal/gofields.TestGetType/UnknownField (0.00s)
PASS internal/gofields.TestGetType/UnknownNestedField (0.00s)
PASS internal/gofields.TestGetType/InvalidSliceIndex (0.00s)
PASS internal/gofields.TestGetType/OutOfRangeSliceIndex (0.00s)
PASS internal/gofields.TestGetType/UnknownMapKey (0.00s)
PASS internal/gofields.TestGetType/AnonymousField (0.00s)
PASS internal/gofields.TestGetType/PrivateField (0.00s)
PASS internal/gofields.TestGetType (0.00s)
PASS internal/gofields.TestListFields/Simple (0.00s)
PASS internal/gofields.TestListFields (0.00s)
PASS internal/gofields.TestListFieldsWithFilter/Simple (0.00s)
PASS internal/gofields.TestListFieldsWithFilter (0.00s)
PASS internal/gofields (cached)
EMPTY internal/gotty
PASS internal/interactive.TestPrint (0.00s)
PASS internal/interactive.TestPrintln (0.00s)
PASS internal/interactive.TestPrintf (0.00s)
PASS internal/interactive.TestPromptStringWithConfig/Simple (0.00s)
PASS internal/interactive.TestPromptStringWithConfig (0.00s)
PASS internal/interactive (cached)
PASS internal/namespaces/account/v3.TestBuildQueryKey/zone-based_product_returns_product:zone (0.00s)
PASS internal/namespaces/account/v3.TestBuildQueryKey/region-based_product_returns_product:region (0.00s)
PASS internal/namespaces/account/v3.TestBuildQueryKey/region-based_product_with_zone_fr-par-3 (0.00s)
PASS internal/namespaces/account/v3.TestBuildQueryKey (0.00s)
PASS internal/namespaces/account/v3.TestFetcherLocalityTypes/rdb (0.00s)
PASS internal/namespaces/account/v3.TestFetcherLocalityTypes/lb (0.00s)
PASS internal/namespaces/account/v3.TestFetcherLocalityTypes/k8s (0.00s)
PASS internal/namespaces/account/v3.TestFetcherLocalityTypes/containers (0.00s)
PASS internal/namespaces/account/v3.TestFetcherLocalityTypes/functions (0.00s)
PASS internal/namespaces/account/v3.TestFetcherLocalityTypes/ipam (0.00s)
PASS internal/namespaces/account/v3.TestFetcherLocalityTypes/buckets (0.00s)
PASS internal/namespaces/account/v3.TestFetcherLocalityTypes/secrets (0.00s)
PASS internal/namespaces/account/v3.TestFetcherLocalityTypes/instances (0.00s)
PASS internal/namespaces/account/v3.TestFetcherLocalityTypes/instance-ips (0.00s)
PASS internal/namespaces/account/v3.TestFetcherLocalityTypes/redis (0.00s)
PASS internal/namespaces/account/v3.TestFetcherLocalityTypes/flexibleip (0.00s)
PASS internal/namespaces/account/v3.TestFetcherLocalityTypes/block-volumes (0.00s)
PASS internal/namespaces/account/v3.TestFetcherLocalityTypes/block-snapshots (0.00s)
PASS internal/namespaces/account/v3.TestFetcherLocalityTypes (0.00s)
PASS internal/namespaces/account/v3.TestResolveZones/with_requested_zones (0.00s)
PASS internal/namespaces/account/v3.TestResolveZones/with_empty_requested_uses_all_zones (0.00s)
PASS internal/namespaces/account/v3.TestResolveZones (0.00s)
PASS internal/namespaces/account/v3.TestResolveProducts/with_requested_products (0.00s)
PASS internal/namespaces/account/v3.TestResolveProducts/with_empty_requested_uses_all_products (0.00s)
PASS internal/namespaces/account/v3.TestResolveProducts (0.00s)
PASS internal/namespaces/account/v3.TestSortResults (0.00s)
PASS internal/namespaces/account/v3.TestProductFetchersCompleteness/all_expected_products_are_in_ProductFetchers (0.00s)
PASS internal/namespaces/account/v3.TestProductFetchersCompleteness/no_unexpected_products_in_ProductFetchers (0.00s)
PASS internal/namespaces/account/v3.TestProductFetchersCompleteness/ProductFetchers_has_exactly_expected_count (0.00s)
PASS internal/namespaces/account/v3.TestProductFetchersCompleteness (0.00s)
PASS internal/namespaces/account/v3
PASS internal/namespaces/alias.Test_Alias/Multiple_words (0.09s)
PASS internal/namespaces/alias.Test_Alias/list_aliases (0.06s)
PASS internal/namespaces/alias.Test_Alias/delete_alias (0.05s)
PASS internal/namespaces/alias.Test_Alias/one_word_aliases (0.05s)
PASS internal/namespaces/alias.Test_Alias (0.01s)
PASS internal/namespaces/alias
EMPTY internal/namespaces/annotations/v1
PASS internal/namespaces/applesilicon/v1alpha1.Test_OSDisplay/Simple (0.06s)
PASS internal/namespaces/applesilicon/v1alpha1.Test_OSDisplay (0.00s)
SKIP internal/namespaces/applesilicon/v1alpha1.Test_ServerSSH (0.00s)
PASS internal/namespaces/applesilicon/v1alpha1.Test_ServerTypeList/base (0.08s)
PASS internal/namespaces/applesilicon/v1alpha1.Test_ServerTypeList (0.00s)
PASS internal/namespaces/applesilicon/v1alpha1
EMPTY internal/namespaces/audit_trail/v1alpha1
PASS internal/namespaces/autocomplete.TestTrimText/empty_script (0.00s)
PASS internal/namespaces/autocomplete.TestTrimText/no_indentation_on_first_line (0.00s)
PASS internal/namespaces/autocomplete.TestTrimText/trim_start,_end,_left (0.00s)
PASS internal/namespaces/autocomplete.TestTrimText/trim_mix_of_spaces_and_tabs (0.00s)
PASS internal/namespaces/autocomplete.TestTrimText/trim_bash_script (0.00s)
PASS internal/namespaces/autocomplete.TestTrimText (0.00s)
PASS internal/namespaces/autocomplete (cached)
PASS internal/namespaces/autoscaling/v1alpha2.Test_Group/Create_OK (0.78s)
PASS internal/namespaces/autoscaling/v1alpha2.Test_Group/Create_fail:_missing_target (0.29s)
PASS internal/namespaces/autoscaling/v1alpha2.Test_Group/Update (0.98s)
PASS internal/namespaces/autoscaling/v1alpha2.Test_Group/Create_fail:_missing_size (0.24s)
PASS internal/namespaces/autoscaling/v1alpha2.Test_Group (0.00s)
PASS internal/namespaces/autoscaling/v1alpha2
PASS internal/namespaces/baremetal/v1.Test_ListServer/Simple (0.56s)
PASS internal/namespaces/baremetal/v1.Test_ListServer/List_with_tags (0.44s)
PASS internal/namespaces/baremetal/v1.Test_ListServer (0.00s)
PASS internal/namespaces/baremetal/v1.Test_baremetalGetOffer/Simple (0.28s)
PASS internal/namespaces/baremetal/v1.Test_baremetalGetOffer (0.00s)
PASS internal/namespaces/baremetal/v1.Test_baremetalListOffer/Simple (0.40s)
PASS internal/namespaces/baremetal/v1.Test_baremetalListOffer (0.00s)
PASS internal/namespaces/baremetal/v1.Test_CreateServer/Simple/Default (16.44s)
PASS internal/namespaces/baremetal/v1.Test_CreateServer/Simple/Tags (800.93s)
PASS internal/namespaces/baremetal/v1.Test_CreateServer/Simple/With_name (16.68s)
PASS internal/namespaces/baremetal/v1.Test_CreateServer/Simple (0.00s)
PASS internal/namespaces/baremetal/v1.Test_CreateServer (834.05s)
PASS internal/namespaces/baremetal/v1.Test_CreateFlexibleIPInteractive/Simple_Interactive (37.28s)
PASS internal/namespaces/baremetal/v1.Test_CreateFlexibleIPInteractive (0.00s)
PASS internal/namespaces/baremetal/v1.Test_CreateFlexibleIP/Simple (27.12s)
PASS internal/namespaces/baremetal/v1.Test_CreateFlexibleIP (0.00s)
PASS internal/namespaces/baremetal/v1.Test_InstallServer/Simple/With_ID (545.13s)
PASS internal/namespaces/baremetal/v1.Test_InstallServer/Simple/All_SSH_keys (484.93s)
PASS internal/namespaces/baremetal/v1.Test_InstallServer/Simple (0.00s)
PASS internal/namespaces/baremetal/v1.Test_InstallServer (1030.06s)
PASS internal/namespaces/baremetal/v1.Test_StartServerErrors/Error:_cannot_be_started_while_not_delivered (16.77s)
PASS internal/namespaces/baremetal/v1.Test_StartServerErrors (0.00s)
PASS internal/namespaces/baremetal/v1.Test_StopServerErrors/Error:_cannot_be_stopped_while_not_delivered (16.59s)
PASS internal/namespaces/baremetal/v1.Test_StopServerErrors (0.00s)
PASS internal/namespaces/baremetal/v1.Test_RebootServerErrors/Error:_cannot_be_rebooted_while_not_delivered (16.52s)
PASS internal/namespaces/baremetal/v1.Test_RebootServerErrors (0.00s)
PASS internal/namespaces/baremetal/v1
EMPTY internal/namespaces/baremetal/v3
EMPTY internal/namespaces/billing/v2
EMPTY internal/namespaces/billing/v2beta1
PASS internal/namespaces/block/v1alpha1.Test_SnapshotWait/Wait_command (10.66s)
PASS internal/namespaces/block/v1alpha1.Test_SnapshotWait/Wait_flag (10.61s)
PASS internal/namespaces/block/v1alpha1.Test_SnapshotWait (0.00s)
PASS internal/namespaces/block/v1alpha1.Test_VolumeWait/Wait_command (5.25s)
PASS internal/namespaces/block/v1alpha1.Test_VolumeWait/Wait_flag (5.26s)
PASS internal/namespaces/block/v1alpha1.Test_VolumeWait (0.00s)
PASS internal/namespaces/block/v1alpha1
PASS internal/namespaces/cockpit/v1.Test_BuildPrometheusRemoteWriteURL/append_push_path (0.00s)
PASS internal/namespaces/cockpit/v1.Test_BuildPrometheusRemoteWriteURL/keep_existing_push_path (0.00s)
PASS internal/namespaces/cockpit/v1.Test_BuildPrometheusRemoteWriteURL/trim_trailing_slash (0.00s)
PASS internal/namespaces/cockpit/v1.Test_BuildPrometheusRemoteWriteURL (0.00s)
PASS internal/namespaces/cockpit/v1.Test_ParseCockpitDataSourceEndpoint/https_default_port (0.00s)
PASS internal/namespaces/cockpit/v1.Test_ParseCockpitDataSourceEndpoint/explicit_port (0.00s)
PASS internal/namespaces/cockpit/v1.Test_ParseCockpitDataSourceEndpoint (0.00s)
PASS internal/namespaces/cockpit/v1.Test_BuildFluentBitLogsURI (0.00s)
PASS internal/namespaces/cockpit/v1.Test_RenderFluentBitConfig/without_token (0.00s)
PASS internal/namespaces/cockpit/v1.Test_RenderFluentBitConfig/with_token (0.00s)
PASS internal/namespaces/cockpit/v1.Test_RenderFluentBitConfig (0.00s)
PASS internal/namespaces/cockpit/v1.Test_RenderPrometheusRemoteWriteConfig/without_token (0.00s)
PASS internal/namespaces/cockpit/v1.Test_RenderPrometheusRemoteWriteConfig/with_token (0.00s)
PASS internal/namespaces/cockpit/v1.Test_RenderPrometheusRemoteWriteConfig (0.00s)
PASS internal/namespaces/cockpit/v1 (cached)
PASS internal/namespaces/config.Test_ConfigGetCommand/Simple (0.11s)
PASS internal/namespaces/config.Test_ConfigGetCommand/Telemetry (0.05s)
PASS internal/namespaces/config.Test_ConfigGetCommand/Unknown_Profile (0.05s)
PASS internal/namespaces/config.Test_ConfigGetCommand/Profile (0.06s)
PASS internal/namespaces/config.Test_ConfigGetCommand (0.00s)
PASS internal/namespaces/config.Test_ConfigSetCommand/Simple (0.04s)
PASS internal/namespaces/config.Test_ConfigSetCommand/Telemetry (0.05s)
PASS internal/namespaces/config.Test_ConfigSetCommand/Unknown_Profile (0.05s)
PASS internal/namespaces/config.Test_ConfigSetCommand/Profile (0.05s)
PASS internal/namespaces/config.Test_ConfigSetCommand (0.00s)
PASS internal/namespaces/config.Test_ConfigUnsetCommand/Simple (0.04s)
PASS internal/namespaces/config.Test_ConfigUnsetCommand/Telemetry (0.04s)
PASS internal/namespaces/config.Test_ConfigUnsetCommand/Unknown_Profile (0.05s)
PASS internal/namespaces/config.Test_ConfigUnsetCommand/Profile (0.04s)
PASS internal/namespaces/config.Test_ConfigUnsetCommand (0.00s)
PASS internal/namespaces/config.Test_ConfigDeleteProfileCommand/Simple (0.04s)
PASS internal/namespaces/config.Test_ConfigDeleteProfileCommand/Unknown_Profile (0.04s)
PASS internal/namespaces/config.Test_ConfigDeleteProfileCommand (0.00s)
PASS internal/namespaces/config.Test_ConfigDumpCommand/Simple (0.05s)
PASS internal/namespaces/config.Test_ConfigDumpCommand (0.00s)
PASS internal/namespaces/config.Test_ConfigDestroyCommand/Simple (0.05s)
PASS internal/namespaces/config.Test_ConfigDestroyCommand/Check_Config_File (0.00s)
PASS internal/namespaces/config.Test_ConfigDestroyCommand (0.00s)
PASS internal/namespaces/config.Test_ConfigInfoCommand/Simple (0.04s)
PASS internal/namespaces/config.Test_ConfigInfoCommand/Unknown_Profile (0.05s)
PASS internal/namespaces/config.Test_ConfigInfoCommand/Profile (0.06s)
PASS internal/namespaces/config.Test_ConfigInfoCommand (0.00s)
PASS internal/namespaces/config.Test_ConfigImportCommand/Simple (0.05s)
PASS internal/namespaces/config.Test_ConfigImportCommand (0.00s)
PASS internal/namespaces/config.Test_ConfigValidateCommand/Simple (0.05s)
PASS internal/namespaces/config.Test_ConfigValidateCommand/Invalid_profile_p1_secret_key (0.05s)
PASS internal/namespaces/config.Test_ConfigValidateCommand/Invalid_default_access_key (0.05s)
PASS internal/namespaces/config.Test_ConfigValidateCommand (0.00s)
PASS internal/namespaces/config
PASS internal/namespaces/container/v1.Test_CreateContainer/Simple (16.61s)
PASS internal/namespaces/container/v1.Test_CreateContainer (16.61s)
PASS internal/namespaces/container/v1.Test_UpdateContainer/Simple (32.25s)
PASS internal/namespaces/container/v1.Test_UpdateContainer/RegistryImage (346.24s)
PASS internal/namespaces/container/v1.Test_UpdateContainer (0.00s)
PASS internal/namespaces/container/v1.Test_parsePlatforms/empty_string_returns_nil_(no_platform_constraint) (0.00s)
PASS internal/namespaces/container/v1.Test_parsePlatforms/linux/amd64 (0.00s)
PASS internal/namespaces/container/v1.Test_parsePlatforms/linux/arm64 (0.00s)
PASS internal/namespaces/container/v1.Test_parsePlatforms/linux/arm/v7_keeps_the_variant (0.00s)
PASS internal/namespaces/container/v1.Test_parsePlatforms/invalid_platform_returns_nil_instead_of_erroring (0.00s)
PASS internal/namespaces/container/v1.Test_parsePlatforms (0.00s)
PASS internal/namespaces/container/v1.Test_Deploy/Simple (53.41s)
PASS internal/namespaces/container/v1.Test_Deploy/App_name_deduced_from_path (55.73s)
PASS internal/namespaces/container/v1.Test_Deploy/Build_args (52.03s)
PASS internal/namespaces/container/v1.Test_Deploy/Platform (52.24s)
PASS internal/namespaces/container/v1.Test_Deploy/Buildpack (511.68s)
PASS internal/namespaces/container/v1.Test_Deploy (725.11s)
PASS internal/namespaces/container/v1.Test_ContainerLogs/Simple (333.91s)
PASS internal/namespaces/container/v1.Test_ContainerLogs/MaxEntries (78.15s)
PASS internal/namespaces/container/v1.Test_ContainerLogs (0.00s)
PASS internal/namespaces/container/v1
EMPTY internal/namespaces/container/v1/getorcreate
EMPTY internal/namespaces/container/v1beta1
EMPTY internal/namespaces/datalab/v1beta1
EMPTY internal/namespaces/datawarehouse/v1beta1
EMPTY internal/namespaces/dedibox/v1
EMPTY internal/namespaces/domain/v2beta1
EMPTY internal/namespaces/edge_services/v1beta1
EMPTY internal/namespaces/environmental_footprint/v1alpha1
PASS internal/namespaces/feedback.Test_FeedbackBug/simple (0.00s)
PASS internal/namespaces/feedback.Test_FeedbackBug (0.00s)
PASS internal/namespaces/feedback.Test_FeedbackFeature/simple (0.00s)
PASS internal/namespaces/feedback.Test_FeedbackFeature (0.00s)
PASS internal/namespaces/feedback
EMPTY internal/namespaces/file/v1alpha1
PASS internal/namespaces/flexibleip/v1alpha1.Test_CreateFlexibleWait/Simple (0.46s)
PASS internal/namespaces/flexibleip/v1alpha1.Test_CreateFlexibleWait (0.00s)
PASS internal/namespaces/flexibleip/v1alpha1
PASS internal/namespaces/function/v1beta1.Test_Deploy/Simple (111.92s)
PASS internal/namespaces/function/v1beta1.Test_Deploy (0.00s)
PASS internal/namespaces/function/v1beta1
EMPTY internal/namespaces/help
PASS internal/namespaces/iam/v1alpha1.Test_iamAPIKeyGet/GetOwnerAPIKey (0.21s)
PASS internal/namespaces/iam/v1alpha1.Test_iamAPIKeyGet/GetApplicationAPIKey (0.38s)
PASS internal/namespaces/iam/v1alpha1.Test_iamAPIKeyGet/GetMemberAPIKey (0.23s)
PASS internal/namespaces/iam/v1alpha1.Test_iamAPIKeyGet (0.00s)
PASS internal/namespaces/iam/v1alpha1.Test_getPolicyWithRules/simple (1.99s)
PASS internal/namespaces/iam/v1alpha1.Test_getPolicyWithRules (0.00s)
PASS internal/namespaces/iam/v1alpha1.Test_createRule/simple (1.85s)
PASS internal/namespaces/iam/v1alpha1.Test_createRule (0.00s)
PASS internal/namespaces/iam/v1alpha1.Test_deleteRule/simple (1.91s)
PASS internal/namespaces/iam/v1alpha1.Test_deleteRule (0.00s)
PASS internal/namespaces/iam/v1alpha1.Test_initWithSSHKeyCommand/simple (0.14s)
PASS internal/namespaces/iam/v1alpha1.Test_initWithSSHKeyCommand (0.00s)
PASS internal/namespaces/iam/v1alpha1.Test_SSHKeyCreateCommand/simple (0.14s)
PASS internal/namespaces/iam/v1alpha1.Test_SSHKeyCreateCommand/file_import (0.15s)
PASS internal/namespaces/iam/v1alpha1.Test_SSHKeyCreateCommand (0.00s)
PASS internal/namespaces/iam/v1alpha1.Test_SSHKeyRemoveCommand/simple (0.14s)
PASS internal/namespaces/iam/v1alpha1.Test_SSHKeyRemoveCommand (0.00s)
PASS internal/namespaces/iam/v1alpha1
PASS internal/namespaces/inference/v1.Test_DeploymentCreate/Simple_deployment (0.66s)
PASS internal/namespaces/inference/v1.Test_DeploymentCreate/Deployment_with_no_endpoints_must_fail (0.03s)
PASS internal/namespaces/inference/v1.Test_DeploymentCreate/Deployment_with_wait_flag (739.02s)
PASS internal/namespaces/inference/v1.Test_DeploymentCreate (0.00s)
PASS internal/namespaces/inference/v1.Test_CreateDeploymentPrivateEndpoint/Create_Deployment_Private_Endpoint (18.22s)
PASS internal/namespaces/inference/v1.Test_CreateDeploymentPrivateEndpoint (0.00s)
PASS internal/namespaces/inference/v1.Test_DeploymentDelete/Delete_deployment_with_wait_flag (889.62s)
PASS internal/namespaces/inference/v1.Test_DeploymentDelete (0.00s)
PASS internal/namespaces/inference/v1
PASS internal/namespaces/info.Test_Info/Simple (0.00s)
PASS internal/namespaces/info.Test_Info/Show_Secret (0.00s)
PASS internal/namespaces/info.Test_Info (0.00s)
PASS internal/namespaces/info
SKIP internal/namespaces/init.Test_InitAutocomplete/darwin (0.00s)
PASS internal/namespaces/init.Test_InitAutocomplete/linux/Without (0.11s)
PASS internal/namespaces/init.Test_InitAutocomplete/linux/fish (0.06s)
PASS internal/namespaces/init.Test_InitAutocomplete/linux/bash (0.05s)
PASS internal/namespaces/init.Test_InitAutocomplete/linux/Zsh (0.07s)
PASS internal/namespaces/init.Test_InitAutocomplete/linux (0.00s)
SKIP internal/namespaces/init.Test_InitAutocomplete/windows (0.00s)
PASS internal/namespaces/init.Test_InitAutocomplete (0.28s)
PASS internal/namespaces/init.Test_InitSSH/KeyRegistered (0.34s)
PASS internal/namespaces/init.Test_InitSSH/NoLocalKey (0.04s)
PASS internal/namespaces/init.Test_InitSSH/WithLocalEd25519Key (0.22s)
PASS internal/namespaces/init.Test_InitSSH/KeyUnregistered (0.21s)
PASS internal/namespaces/init.Test_InitSSH (0.00s)
PASS internal/namespaces/init.TestInit/CLIv2Config/NoOverwrite (0.05s)
PASS internal/namespaces/init.TestInit/CLIv2Config/Prompt_Overwrite_for_existing_profile (0.06s)
PASS internal/namespaces/init.TestInit/CLIv2Config/Default_profile_activated (0.06s)
PASS internal/namespaces/init.TestInit/CLIv2Config/No_Prompt_Overwrite_for_new_profile (0.04s)
PASS internal/namespaces/init.TestInit/CLIv2Config/Overwrite (0.05s)
PASS internal/namespaces/init.TestInit/CLIv2Config (0.00s)
PASS internal/namespaces/init.TestInit/Simple (0.04s)
PASS internal/namespaces/init.TestInit/Profile (0.04s)
PASS internal/namespaces/init.TestInit/Configuration_Path (0.06s)
PASS internal/namespaces/init.TestInit (0.26s)
PASS internal/namespaces/init.TestInit_Prompt/Simple (0.08s)
PASS internal/namespaces/init.TestInit_Prompt (0.00s)
PASS internal/namespaces/init
PASS internal/namespaces/instance/v1.TestNullableStringValueUnmarshal/empty-request (0.00s)
PASS internal/namespaces/instance/v1.TestNullableStringValueUnmarshal/request-with-reverse (0.00s)
PASS internal/namespaces/instance/v1.TestNullableStringValueUnmarshal/request-with-empty-reverse (0.00s)
PASS internal/namespaces/instance/v1.TestNullableStringValueUnmarshal (0.00s)
PASS internal/namespaces/instance/v1.TestNullableStringValueMarshal/empty-request (0.00s)
PASS internal/namespaces/instance/v1.TestNullableStringValueMarshal/request-with-reverse (0.00s)
PASS internal/namespaces/instance/v1.TestNullableStringValueMarshal/request-with-empty-reverse (0.00s)
PASS internal/namespaces/instance/v1.TestNullableStringValueMarshal (0.00s)
PASS internal/namespaces/instance/v1.Test_ImageCreate/Simple (2.01s)
PASS internal/namespaces/instance/v1.Test_ImageCreate/Use_additional_snapshots (94.66s)
PASS internal/namespaces/instance/v1.Test_ImageCreate (0.00s)
PASS internal/namespaces/instance/v1.Test_ImageDelete/Simple (2.18s)
PASS internal/namespaces/instance/v1.Test_ImageDelete (0.00s)
PASS internal/namespaces/instance/v1.Test_ImageList/simple (2.43s)
PASS internal/namespaces/instance/v1.Test_ImageList/With_SBS_additional_volumes (14.34s)
PASS internal/namespaces/instance/v1.Test_ImageList/With_SBS_root_volume (12.51s)
PASS internal/namespaces/instance/v1.Test_ImageList (0.00s)
SKIP internal/namespaces/instance/v1.Test_ImageUpdate/Add_extra_volume (0.00s)
PASS internal/namespaces/instance/v1.Test_ImageUpdate/Change_name (2.43s)
PASS internal/namespaces/instance/v1.Test_ImageUpdate/Change_public_from_default_false_to_true (2.18s)
PASS internal/namespaces/instance/v1.Test_ImageUpdate (0.00s)
PASS internal/namespaces/instance/v1.Test_IPAttach/With_UUID (2.06s)
PASS internal/namespaces/instance/v1.Test_IPAttach/With_IP (2.01s)
PASS internal/namespaces/instance/v1.Test_IPAttach (4.07s)
PASS internal/namespaces/instance/v1.Test_IPDetach/With_UUID (1.97s)
PASS internal/namespaces/instance/v1.Test_IPDetach/With_IP (2.09s)
PASS internal/namespaces/instance/v1.Test_IPDetach (4.05s)
PASS internal/namespaces/instance/v1.Test_ListNICs/Simple (4.73s)
PASS internal/namespaces/instance/v1.Test_ListNICs (0.00s)
PASS internal/namespaces/instance/v1.Test_GetPrivateNIC/Get_from_ID (4.53s)
PASS internal/namespaces/instance/v1.Test_GetPrivateNIC/Get_from_MAC_address (4.53s)
PASS internal/namespaces/instance/v1.Test_GetPrivateNIC (0.00s)
PASS internal/namespaces/instance/v1.Test_SecurityGroupGet/Get (0.46s)
PASS internal/namespaces/instance/v1.Test_SecurityGroupGet (0.00s)
PASS internal/namespaces/instance/v1.Test_ServerTerminate/without_IP (42.78s)
PASS internal/namespaces/instance/v1.Test_ServerTerminate/with_IP (48.08s)
PASS internal/namespaces/instance/v1.Test_ServerTerminate/without_block (22.22s)
PASS internal/namespaces/instance/v1.Test_ServerTerminate/with_block (58.01s)
PASS internal/namespaces/instance/v1.Test_ServerTerminate (171.09s)
PASS internal/namespaces/instance/v1.Test_ServerBackup/simple (12.85s)
PASS internal/namespaces/instance/v1.Test_ServerBackup/With_SBS_volumes (8.90s)
PASS internal/namespaces/instance/v1.Test_ServerBackup (0.00s)
PASS internal/namespaces/instance/v1.Test_ServerAction/manual_poweron (42.93s)
PASS internal/namespaces/instance/v1.Test_ServerAction (0.00s)
PASS internal/namespaces/instance/v1.Test_CreateServer/Simple/Default (1.12s)
PASS internal/namespaces/instance/v1.Test_CreateServer/Simple/With_start (42.92s)
PASS internal/namespaces/instance/v1.Test_CreateServer/Simple/Tags (1.26s)
PASS internal/namespaces/instance/v1.Test_CreateServer/Simple/Image_UUID (0.97s)
PASS internal/namespaces/instance/v1.Test_CreateServer/Simple/With_name (1.25s)
PASS internal/namespaces/instance/v1.Test_CreateServer/Simple/GP1-XS (2.12s)
PASS internal/namespaces/instance/v1.Test_CreateServer/Simple (0.00s)
PASS internal/namespaces/instance/v1.Test_CreateServer/Volumes/sbs_additional_volumes (1.65s)
PASS internal/namespaces/instance/v1.Test_CreateServer/Volumes/valid_single_local_volume (1.23s)
=== RUN   Test_CreateServer/Volumes/sbs_additional_volumes_from_id
=== PAUSE Test_CreateServer/Volumes/sbs_additional_volumes_from_id
=== CONT  Test_CreateServer/Volumes/sbs_additional_volumes_from_id
skipping root volume validation
    testing.go:432: 
        	Error Trace:	/home/romain/dev/scaleway-cli/go-vcr-v4/core/testing.go:432
        	            				/home/romain/dev/scaleway-cli/go-vcr-v4/core/testing.go:695
        	            				/home/romain/dev/scaleway-cli/go-vcr-v4/core/testing.go:584
        	            				/home/romain/dev/scaleway-cli/go-vcr-v4/core/testing.go:518
        	Error:      	Received unexpected error:
        	            	scaleway-sdk-go: http error 500 Internal Server Error: Internal error
        	Test:       	Test_CreateServer/Volumes/sbs_additional_volumes_from_id
        	Messages:   	error executing cmd ([scw instance server delete 3e49ce5c-cdf3-44fa-8e74-5b0d5d09be9b with-volumes=all with-ip=true force-shutdown=true])
        	            	stdout: 
        	            	stderr: Internal error
--- FAIL: Test_CreateServer/Volumes/sbs_additional_volumes_from_id (6.32s)
FAIL internal/namespaces/instance/v1.Test_CreateServer/Volumes/sbs_additional_volumes_from_id (6.32s)
PASS internal/namespaces/instance/v1.Test_CreateServer/Volumes/valid_additional_block_volumes (2.37s)
=== RUN   Test_CreateServer/Volumes/valid_double_snapshot
=== PAUSE Test_CreateServer/Volumes/valid_double_snapshot
=== CONT  Test_CreateServer/Volumes/valid_double_snapshot
    testing.go:432: 
        	Error Trace:	/home/romain/dev/scaleway-cli/go-vcr-v4/core/testing.go:432
        	            				/home/romain/dev/scaleway-cli/go-vcr-v4/core/testing.go:625
        	            				/home/romain/dev/scaleway-cli/go-vcr-v4/core/testing.go:545
        	            				/home/romain/dev/scaleway-cli/go-vcr-v4/core/testing.go:447
        	Error:      	Received unexpected error:
        	            	scaleway-sdk-go: resource volume with ID 02d221bf-a303-4711-8a05-21fbfe393fbd is in a transient state: in_use
        	Test:       	Test_CreateServer/Volumes/valid_double_snapshot
        	Messages:   	error executing cmd ([scw block snapshot create volume-id=02d221bf-a303-4711-8a05-21fbfe393fbd -w])
        	            	stdout: 
        	            	stderr: Transient state error for resource 'volume'
        	            	
        	            	Details:
        	            	Resource volume with ID 02d221bf-a303-4711-8a05-21fbfe393fbd is in a transient state 'in_use'
--- FAIL: Test_CreateServer/Volumes/valid_double_snapshot (0.72s)
FAIL internal/namespaces/instance/v1.Test_CreateServer/Volumes/valid_double_snapshot (0.72s)
PASS internal/namespaces/instance/v1.Test_CreateServer/Volumes/valid_double_local_volumes (1.21s)
PASS internal/namespaces/instance/v1.Test_CreateServer/Volumes/valid_single_local_snapshot_without_image (2.23s)
PASS internal/namespaces/instance/v1.Test_CreateServer/Volumes/valid_single_local_snapshot (2.15s)
PASS internal/namespaces/instance/v1.Test_CreateServer/Volumes/create_sbs_root_volume (1.13s)
PASS internal/namespaces/instance/v1.Test_CreateServer/Volumes/create_sbs_root_volume_with_iops (6.27s)
PASS internal/namespaces/instance/v1.Test_CreateServer/Volumes/use_sbs_root_volume (6.08s)
=== RUN   Test_CreateServer/Volumes
--- FAIL: Test_CreateServer/Volumes (0.00s)
FAIL internal/namespaces/instance/v1.Test_CreateServer/Volumes (0.00s)
PASS internal/namespaces/instance/v1.Test_CreateServer/IPs/explicit_new_IP (1.94s)
PASS internal/namespaces/instance/v1.Test_CreateServer/IPs/with_ipv6 (43.27s)
PASS internal/namespaces/instance/v1.Test_CreateServer/IPs/with_ipv6_and_ipv4 (44.20s)
PASS internal/namespaces/instance/v1.Test_CreateServer/IPs/with_ipv6_and_dynamic_ip (48.70s)
PASS internal/namespaces/instance/v1.Test_CreateServer/IPs/existing_IP (2.10s)
PASS internal/namespaces/instance/v1.Test_CreateServer/IPs/existing_IP_ID (1.85s)
PASS internal/namespaces/instance/v1.Test_CreateServer/IPs/run_with_dynamic_IP (62.99s)
PASS internal/namespaces/instance/v1.Test_CreateServer/IPs (0.00s)
=== RUN   Test_CreateServer
--- FAIL: Test_CreateServer (286.07s)
FAIL internal/namespaces/instance/v1.Test_CreateServer (286.07s)
PASS internal/namespaces/instance/v1.Test_CreateServerErrors/Error:_invalid_image_label (0.15s)
PASS internal/namespaces/instance/v1.Test_CreateServerErrors/Error:_invalid_image_UUID (0.21s)
PASS internal/namespaces/instance/v1.Test_CreateServerErrors/Error:_invalid_instance_type (0.18s)
PASS internal/namespaces/instance/v1.Test_CreateServerErrors/Error:_invalid_total_local_volumes_size:_too_low_1 (0.20s)
PASS internal/namespaces/instance/v1.Test_CreateServerErrors/Error:_invalid_total_local_volumes_size:_too_low_2 (0.48s)
PASS internal/namespaces/instance/v1.Test_CreateServerErrors/Error:_invalid_total_local_volumes_size:_too_low_3 (0.54s)
PASS internal/namespaces/instance/v1.Test_CreateServerErrors/Error:_invalid_total_local_volumes_size:_too_high_1 (0.25s)
PASS internal/namespaces/instance/v1.Test_CreateServerErrors/Error:_invalid_total_local_volumes_size:_too_high_2 (0.25s)
PASS internal/namespaces/instance/v1.Test_CreateServerErrors/Error:_invalid_total_local_volumes_size:_too_high_3 (0.53s)
PASS internal/namespaces/instance/v1.Test_CreateServerErrors/Error:_invalid_root_volume_size (0.24s)
PASS internal/namespaces/instance/v1.Test_CreateServerErrors/Error:_disallow_existing_root_volume_ID (0.56s)
PASS internal/namespaces/instance/v1.Test_CreateServerErrors/Error:_invalid_root_volume_ID (0.27s)
PASS internal/namespaces/instance/v1.Test_CreateServerErrors/Error:_already_attached_additional_volume_ID (1.32s)
PASS internal/namespaces/instance/v1.Test_CreateServerErrors/Error:_invalid_root_volume_format (0.12s)
PASS internal/namespaces/instance/v1.Test_CreateServerErrors/Error:_invalid_root_volume_snapshot_ID (0.26s)
PASS internal/namespaces/instance/v1.Test_CreateServerErrors/Error:_invalid_additional_volume_snapshot_ID (0.24s)
PASS internal/namespaces/instance/v1.Test_CreateServerErrors/Error:_not_found_ip_ID (0.53s)
PASS internal/namespaces/instance/v1.Test_CreateServerErrors/Error:_image_size_is_incompatible_with_instance_type (0.16s)
PASS internal/namespaces/instance/v1.Test_CreateServerErrors/Error:_ssh_key_id_is_required (0.23s)
PASS internal/namespaces/instance/v1.Test_CreateServerErrors/Error:_invalid_ip (0.21s)
PASS internal/namespaces/instance/v1.Test_CreateServerErrors/Error:_forbidden_IP (0.28s)
PASS internal/namespaces/instance/v1.Test_CreateServerErrors (5.80s)
PASS internal/namespaces/instance/v1.Test_AttachFilesystem/attach_filesystem (1.83s)
PASS internal/namespaces/instance/v1.Test_AttachFilesystem (1.83s)
PASS internal/namespaces/instance/v1.Test_ServerGetRdpPassword/Simple (94.65s)
PASS internal/namespaces/instance/v1.Test_ServerGetRdpPassword (0.00s)
PASS internal/namespaces/instance/v1.Test_ServerSSH/Simple (53.61s)
PASS internal/namespaces/instance/v1.Test_ServerSSH/With-Exit-Code (53.62s)
PASS internal/namespaces/instance/v1.Test_ServerSSH/Stopped_server (1.06s)
PASS internal/namespaces/instance/v1.Test_ServerSSH (108.30s)
SKIP internal/namespaces/instance/v1.Test_ServerVolumeUpdate (0.00s)
PASS internal/namespaces/instance/v1.Test_ServerUpdateCustom/Volumes/valid_simple_block_volume (7.28s)
PASS internal/namespaces/instance/v1.Test_ServerUpdateCustom/Volumes/detach_all_volumes (2.24s)
PASS internal/namespaces/instance/v1.Test_ServerUpdateCustom/Volumes (0.00s)
PASS internal/namespaces/instance/v1.Test_ServerUpdateCustom/Try_to_remove_ip_from_server_without_ip (1.73s)
PASS internal/namespaces/instance/v1.Test_ServerUpdateCustom/Update_server_placement-group-id_from_server_with_placement-group-id (2.18s)
PASS internal/namespaces/instance/v1.Test_ServerUpdateCustom/Update_server_security-group-id_from_server_with_security-group-id (2.04s)
PASS internal/namespaces/instance/v1.Test_ServerUpdateCustom/Update_server_ip_from_server_with_ip (3.81s)
PASS internal/namespaces/instance/v1.Test_ServerUpdateCustom/Update_server_ip_from_server_without_ip (2.01s)
PASS internal/namespaces/instance/v1.Test_ServerUpdateCustom (9.52s)
PASS internal/namespaces/instance/v1.Test_ServerDelete/with_all_volumes (1.46s)
PASS internal/namespaces/instance/v1.Test_ServerDelete/only_block_volumes (1.15s)
PASS internal/namespaces/instance/v1.Test_ServerDelete/only_local_volumes (1.27s)
PASS internal/namespaces/instance/v1.Test_ServerDelete/with_none_volumes (1.46s)
SKIP internal/namespaces/instance/v1.Test_ServerDelete/with_sbs_volumes (0.00s)
PASS internal/namespaces/instance/v1.Test_ServerDelete/with_multiple_IPs (2.28s)
PASS internal/namespaces/instance/v1.Test_ServerDelete (7.62s)
PASS internal/namespaces/instance/v1.Test_ServerTypeList/on_fr-par-1 (0.32s)
PASS internal/namespaces/instance/v1.Test_ServerTypeList/on_pl-waw-1 (0.23s)
PASS internal/namespaces/instance/v1.Test_ServerTypeList/on_it-mil-1 (0.25s)
PASS internal/namespaces/instance/v1.Test_ServerTypeList/on_nl-ams-2 (0.29s)
PASS internal/namespaces/instance/v1.Test_ServerTypeList (0.00s)
SKIP internal/namespaces/instance/v1.Test_UpdateSnapshot (0.00s)
PASS internal/namespaces/instance/v1.Test_SSHConfigInstall/Install_config_and_create_default (2.05s)
PASS internal/namespaces/instance/v1.Test_SSHConfigInstall/Install_config_and_include (2.19s)
PASS internal/namespaces/instance/v1.Test_SSHConfigInstall (0.00s)
PASS internal/namespaces/instance/v1.Test_SSHKey/Add_key (1.28s)
PASS internal/namespaces/instance/v1.Test_SSHKey/Remove_key (1.81s)
PASS internal/namespaces/instance/v1.Test_SSHKey/List_keys (1.82s)
PASS internal/namespaces/instance/v1.Test_SSHKey (0.00s)
=== RUN   Test_UserDataGet/Get_an_existing_key
=== PAUSE Test_UserDataGet/Get_an_existing_key
=== CONT  Test_UserDataGet/Get_an_existing_key
skipping root volume validation
    testing.go:432: 
        	Error Trace:	/home/romain/dev/scaleway-cli/go-vcr-v4/core/testing.go:432
        	            				/home/romain/dev/scaleway-cli/go-vcr-v4/core/testing.go:695
        	            				/home/romain/dev/scaleway-cli/go-vcr-v4/internal/namespaces/instance/v1/helpers_test.go:80
        	            				/home/romain/dev/scaleway-cli/go-vcr-v4/core/testing.go:518
        	Error:      	Received unexpected error:
        	            	scaleway-sdk-go: http error 500 Internal Server Error: Internal error
        	Test:       	Test_UserDataGet/Get_an_existing_key
        	Messages:   	error executing cmd ([scw instance server delete 38fdf2a2-9c23-42bf-b0a9-29bf30a72b1e with-ip=true with-volumes=all])
        	            	stdout: 
        	            	stderr: Internal error
--- FAIL: Test_UserDataGet/Get_an_existing_key (1.05s)
FAIL internal/namespaces/instance/v1.Test_UserDataGet/Get_an_existing_key (1.05s)
PASS internal/namespaces/instance/v1.Test_UserDataGet/Get_an_nonexistent_key (1.03s)
=== RUN   Test_UserDataGet
--- FAIL: Test_UserDataGet (0.00s)
FAIL internal/namespaces/instance/v1.Test_UserDataGet (0.00s)
PASS internal/namespaces/instance/v1.Test_UserDataList/Simple (1.29s)
PASS internal/namespaces/instance/v1.Test_UserDataList (0.00s)
=== RUN   Test_UserDataFileUploadOn/cloud-init
=== PAUSE Test_UserDataFileUploadOn/cloud-init
=== CONT  Test_UserDataFileUploadOn/cloud-init
skipping root volume validation
    testing.go:432: 
        	Error Trace:	/home/romain/dev/scaleway-cli/go-vcr-v4/core/testing.go:432
        	            				/home/romain/dev/scaleway-cli/go-vcr-v4/core/testing.go:695
        	            				/home/romain/dev/scaleway-cli/go-vcr-v4/internal/namespaces/instance/v1/helpers_test.go:80
        	            				/home/romain/dev/scaleway-cli/go-vcr-v4/core/testing.go:584
        	            				/home/romain/dev/scaleway-cli/go-vcr-v4/core/testing.go:518
        	            				/home/romain/.local/share/mise/installs/go/1.27.1/src/runtime/asm_amd64.s:1264
        	Error:      	Received unexpected error:
        	            	scaleway-sdk-go: http error 500 Internal Server Error: Internal error
        	Test:       	Test_UserDataFileUploadOn/cloud-init
        	Messages:   	error executing cmd ([scw instance server delete aca2a5d1-2964-4cc5-a57e-b23914f5e323 with-ip=true with-volumes=all])
        	            	stdout: 
        	            	stderr: Internal error
--- FAIL: Test_UserDataFileUploadOn/cloud-init (0.99s)
FAIL internal/namespaces/instance/v1.Test_UserDataFileUploadOn/cloud-init (0.99s)
=== RUN   Test_UserDataFileUploadOn
--- FAIL: Test_UserDataFileUploadOn (0.00s)
FAIL internal/namespaces/instance/v1.Test_UserDataFileUploadOn (0.00s)
PASS internal/namespaces/instance/v1.Test_UserDataFileUploadOnRandom/key (1.04s)
PASS internal/namespaces/instance/v1.Test_UserDataFileUploadOnRandom (0.00s)
PASS internal/namespaces/instance/v1.Test_VolumeTypeList/volume-type_list (0.03s)
PASS internal/namespaces/instance/v1.Test_VolumeTypeList (0.00s)
PASS internal/namespaces/instance/v1.Test_ListServer/Simple (0.17s)
PASS internal/namespaces/instance/v1.Test_ListServer/State_with_space (0.12s)
PASS internal/namespaces/instance/v1.Test_ListServer (0.00s)
PASS internal/namespaces/instance/v1.Test_GetServer/Simple (1.22s)
PASS internal/namespaces/instance/v1.Test_GetServer (0.00s)
PASS internal/namespaces/instance/v1.Test_CreateVolume/Simple (0.26s)
PASS internal/namespaces/instance/v1.Test_CreateVolume/Bad_size_unit (0.00s)
PASS internal/namespaces/instance/v1.Test_CreateVolume (0.00s)
PASS internal/namespaces/instance/v1.Test_ServerUpdate/Simple (1.18s)
PASS internal/namespaces/instance/v1.Test_ServerUpdate/No_initial_placement_group_&_placement-group-id=<invalid_pg_id> (1.18s)
PASS internal/namespaces/instance/v1.Test_ServerUpdate/Initial_placement_group_&_placement-group-id=<new_pg_id> (1.87s)
PASS internal/namespaces/instance/v1.Test_ServerUpdate/Initial_placement_group_&_placement-group-id=<current_pg_id> (1.69s)
PASS internal/namespaces/instance/v1.Test_ServerUpdate/Initial_placement_group_&_placement-group-id=none (1.62s)
PASS internal/namespaces/instance/v1.Test_ServerUpdate/No_initial_placement_group_&_placement-group-id=<existing_pg_id> (1.73s)
PASS internal/namespaces/instance/v1.Test_ServerUpdate/No_initial_placement_group_&_placement-group-id=<valid,_but_non_existing_pg_id> (1.16s)
PASS internal/namespaces/instance/v1.Test_ServerUpdate/No_initial_placement_group_&_placement-group-id=none (1.31s)
PASS internal/namespaces/instance/v1.Test_ServerUpdate (0.00s)
PASS internal/namespaces/instance/v1.Test_SnapshotCreate/simple (6.30s)
PASS internal/namespaces/instance/v1.Test_SnapshotCreate (0.00s)
PASS internal/namespaces/instance/v1.Test_IpCreate/Simple (0.46s)
PASS internal/namespaces/instance/v1.Test_IpCreate (0.00s)
PASS internal/namespaces/instance/v1.Test_IpDelete/Simple (0.43s)
PASS internal/namespaces/instance/v1.Test_IpDelete (0.00s)
PASS internal/namespaces/instance/v1.Test_IpGet/Simple (0.55s)
PASS internal/namespaces/instance/v1.Test_IpGet (0.00s)
PASS internal/namespaces/instance/v1.Test_IpList/Simple (0.50s)
PASS internal/namespaces/instance/v1.Test_IpList (0.00s)
PASS internal/namespaces/instance/v1.Test_IpUpdate/Simple (0.53s)
PASS internal/namespaces/instance/v1.Test_IpUpdate (0.00s)
FAIL internal/namespaces/instance/v1
PASS internal/namespaces/instance/v2alpha1.Test_PlacementGroup_Get/Without_servers (0.39s)
PASS internal/namespaces/instance/v2alpha1.Test_PlacementGroup_Get/With_servers (1.30s)
PASS internal/namespaces/instance/v2alpha1.Test_PlacementGroup_Get (0.00s)
PASS internal/namespaces/instance/v2alpha1.Test_PlacementGroup_List/simple (0.54s)
PASS internal/namespaces/instance/v2alpha1.Test_PlacementGroup_List (0.00s)
PASS internal/namespaces/instance/v2alpha1.Test_PlacementGroup_Update/simple (0.34s)
PASS internal/namespaces/instance/v2alpha1.Test_PlacementGroup_Update (0.00s)
PASS internal/namespaces/instance/v2alpha1.Test_Template/Create (0.30s)
PASS internal/namespaces/instance/v2alpha1.Test_Template/Check (0.37s)
PASS internal/namespaces/instance/v2alpha1.Test_Template/Create_Server (1.57s)
PASS internal/namespaces/instance/v2alpha1.Test_Template/Update (0.40s)
PASS internal/namespaces/instance/v2alpha1.Test_Template (0.00s)
PASS internal/namespaces/instance/v2alpha1.Test_TemplateUserData/Set_User_Data (0.40s)
PASS internal/namespaces/instance/v2alpha1.Test_TemplateUserData/List_User_Data_Keys (0.48s)
PASS internal/namespaces/instance/v2alpha1.Test_TemplateUserData/Delete_User_Data (0.60s)
PASS internal/namespaces/instance/v2alpha1.Test_TemplateUserData/Get_User_Data (0.39s)
PASS internal/namespaces/instance/v2alpha1.Test_TemplateUserData (0.00s)
PASS internal/namespaces/instance/v2alpha1.Test_TemplateCloudInit/Set_Cloud_Init (0.37s)
PASS internal/namespaces/instance/v2alpha1.Test_TemplateCloudInit/Get_Cloud_Init (0.33s)
PASS internal/namespaces/instance/v2alpha1.Test_TemplateCloudInit (0.00s)
PASS internal/namespaces/instance/v2alpha1
EMPTY internal/namespaces/interlink/v1beta1
PASS internal/namespaces/iot/v1.Test_CreateDevice/Simple (17.09s)
PASS internal/namespaces/iot/v1.Test_CreateDevice (0.00s)
PASS internal/namespaces/iot/v1.Test_CreateNetwork/Simple (16.39s)
PASS internal/namespaces/iot/v1.Test_CreateNetwork (0.00s)
PASS internal/namespaces/iot/v1
EMPTY internal/namespaces/ipam/v1
EMPTY internal/namespaces/jobs/v1alpha2
PASS internal/namespaces/k8s/v1.Test_GetCluster/Simple (17.01s)
PASS internal/namespaces/k8s/v1.Test_GetCluster (0.00s)
PASS internal/namespaces/k8s/v1.Test_WaitCluster/wait_for_pools (332.88s)
PASS internal/namespaces/k8s/v1.Test_WaitCluster (0.00s)
PASS internal/namespaces/k8s/v1.Test_ExecCredential/simple (0.00s)
PASS internal/namespaces/k8s/v1.Test_ExecCredential/with_profile_flag (0.00s)
PASS internal/namespaces/k8s/v1.Test_ExecCredential/with_profile_env_and_flag (0.00s)
PASS internal/namespaces/k8s/v1.Test_ExecCredential/with_profile_env (0.00s)
PASS internal/namespaces/k8s/v1.Test_ExecCredential/with_scw_secret_key_env (0.00s)
PASS internal/namespaces/k8s/v1.Test_ExecCredential (0.00s)
PASS internal/namespaces/k8s/v1.Test_GetKubeconfig/simple (167.25s)
PASS internal/namespaces/k8s/v1.Test_GetKubeconfig/with_flags_and_envs (91.65s)
PASS internal/namespaces/k8s/v1.Test_GetKubeconfig/copy_cli_token (166.92s)
PASS internal/namespaces/k8s/v1.Test_GetKubeconfig/legacy (166.94s)
PASS internal/namespaces/k8s/v1.Test_GetKubeconfig/with_envs (167.11s)
PASS internal/namespaces/k8s/v1.Test_GetKubeconfig/with_flags (91.44s)
PASS internal/namespaces/k8s/v1.Test_GetKubeconfig (0.00s)
PASS internal/namespaces/k8s/v1.Test_InstallKubeconfig/simple (242.31s)
PASS internal/namespaces/k8s/v1.Test_InstallKubeconfig/merge-keep (91.65s)
PASS internal/namespaces/k8s/v1.Test_InstallKubeconfig/merge-kubeconfig (167.01s)
PASS internal/namespaces/k8s/v1.Test_InstallKubeconfig/merge (242.22s)
PASS internal/namespaces/k8s/v1.Test_InstallKubeconfig (0.00s)
PASS internal/namespaces/k8s/v1.Test_UninstallKubeconfig/simple (0.00s)
PASS internal/namespaces/k8s/v1.Test_UninstallKubeconfig/simple_kubeconfig (0.00s)
PASS internal/namespaces/k8s/v1.Test_UninstallKubeconfig/uninstall_real_merge (166.92s)
PASS internal/namespaces/k8s/v1.Test_UninstallKubeconfig/empty_file (0.00s)
PASS internal/namespaces/k8s/v1.Test_UninstallKubeconfig (0.00s)
PASS internal/namespaces/k8s/v1.Test_PoolSetLabel/set-empty (167.18s)
PASS internal/namespaces/k8s/v1.Test_PoolSetLabel (0.00s)
PASS internal/namespaces/k8s/v1.Test_PoolRemoveLabel/remove-existing (242.30s)
PASS internal/namespaces/k8s/v1.Test_PoolRemoveLabel (0.00s)
PASS internal/namespaces/k8s/v1.Test_PoolSetTaint/set-empty (92.03s)
PASS internal/namespaces/k8s/v1.Test_PoolSetTaint (0.00s)
PASS internal/namespaces/k8s/v1.Test_PoolRemoveTaint/remove-existing (91.88s)
PASS internal/namespaces/k8s/v1.Test_PoolRemoveTaint (0.00s)
PASS internal/namespaces/k8s/v1.Test_PoolSetStartupTaint/set-empty (91.93s)
PASS internal/namespaces/k8s/v1.Test_PoolSetStartupTaint (0.00s)
PASS internal/namespaces/k8s/v1.Test_PoolRemoveStartupTaint/remove-existing (106.71s)
PASS internal/namespaces/k8s/v1.Test_PoolRemoveStartupTaint (0.00s)
PASS internal/namespaces/k8s/v1.Test_GetVersion/simple (0.03s)
PASS internal/namespaces/k8s/v1.Test_GetVersion (0.00s)
PASS internal/namespaces/k8s/v1.Test_ListVersion_Basic/simple (0.02s)
PASS internal/namespaces/k8s/v1.Test_ListVersion_Basic (0.00s)
PASS internal/namespaces/k8s/v1
EMPTY internal/namespaces/k8s/v1/types
EMPTY internal/namespaces/kafka/v1alpha1
EMPTY internal/namespaces/key_manager/v1alpha1
PASS internal/namespaces/lb/v1.Test_GetBackend/Simple (9.18s)
PASS internal/namespaces/lb/v1.Test_GetBackend (0.00s)
PASS internal/namespaces/lb/v1.Test_CreateBackend/With_instance_ID (58.48s)
PASS internal/namespaces/lb/v1.Test_CreateBackend/With_instance_tag (48.03s)
PASS internal/namespaces/lb/v1.Test_CreateBackend/With_instance_tag_public_IP (60.40s)
PASS internal/namespaces/lb/v1.Test_CreateBackend/With_instance_ID_public_IP (60.79s)
PASS internal/namespaces/lb/v1.Test_CreateBackend (0.00s)
PASS internal/namespaces/lb/v1.Test_AddBackendServers/With_instance_ID (60.72s)
PASS internal/namespaces/lb/v1.Test_AddBackendServers/With_instance_tag (51.67s)
PASS internal/namespaces/lb/v1.Test_AddBackendServers/With_instance_tag_public_IP (50.50s)
PASS internal/namespaces/lb/v1.Test_AddBackendServers/With_instance_ID_public_IP (61.06s)
PASS internal/namespaces/lb/v1.Test_AddBackendServers (0.00s)
PASS internal/namespaces/lb/v1.Test_CreateCertificate/Import (4.84s)
PASS internal/namespaces/lb/v1.Test_CreateCertificate (0.00s)
PASS internal/namespaces/lb/v1.Test_GetFrontend/Simple (6.82s)
PASS internal/namespaces/lb/v1.Test_GetFrontend (0.00s)
PASS internal/namespaces/lb/v1.Test_ListLB/Simple (6.78s)
PASS internal/namespaces/lb/v1.Test_ListLB (0.00s)
PASS internal/namespaces/lb/v1.Test_CreateLB/Simple (6.70s)
PASS internal/namespaces/lb/v1.Test_CreateLB (0.00s)
PASS internal/namespaces/lb/v1.Test_GetLB/Simple (6.71s)
PASS internal/namespaces/lb/v1.Test_GetLB (0.00s)
PASS internal/namespaces/lb/v1.Test_UpdateLBIPv6/Assigned (9.11s)
PASS internal/namespaces/lb/v1.Test_UpdateLBIPv6/IPID (7.47s)
PASS internal/namespaces/lb/v1.Test_UpdateLBIPv6 (0.00s)
PASS internal/namespaces/lb/v1.Test_WaitLB/Simple (6.67s)
PASS internal/namespaces/lb/v1.Test_WaitLB (0.00s)
PASS internal/namespaces/lb/v1.Test_GetStats/Simple (16.93s)
PASS internal/namespaces/lb/v1.Test_GetStats (0.00s)
SKIP internal/namespaces/lb/v1.Test_GetK8sTaggedLB (0.00s)
PASS internal/namespaces/lb/v1.Test_ListLBPrivateNetwork/Simple (75.89s)
PASS internal/namespaces/lb/v1.Test_ListLBPrivateNetwork (0.00s)
PASS internal/namespaces/lb/v1
EMPTY internal/namespaces/login
PASS internal/namespaces/login/webcallback.TestWebCallback (0.01s)
PASS internal/namespaces/login/webcallback
PASS internal/namespaces/marketplace/v2.Test_marketplaceImageList/Simple (0.43s)
PASS internal/namespaces/marketplace/v2.Test_marketplaceImageList (0.00s)
PASS internal/namespaces/marketplace/v2
PASS internal/namespaces/mcp.TestMcpCommands (0.00s)
PASS internal/namespaces/mcp
PASS internal/namespaces/mcp/server.TestInventoryNilAnnotations (0.22s)
PASS internal/namespaces/mcp/server.TestAllRegisteredCommandsHaveAnnotations (0.21s)
PASS internal/namespaces/mcp/server.TestAllToolsHaveCommandMetadata (0.22s)
PASS internal/namespaces/mcp/server.TestToolMetadataValues/full_command (0.00s)
PASS internal/namespaces/mcp/server.TestToolMetadataValues/namespace_only (0.00s)
PASS internal/namespaces/mcp/server.TestToolMetadataValues/namespace_and_resource (0.00s)
PASS internal/namespaces/mcp/server.TestToolMetadataValues (0.00s)
PASS internal/namespaces/mcp/server.Test_E2E (0.13s)
PASS internal/namespaces/mcp/server.TestMcpServerList/With_Comma-Separated_Verbs (0.12s)
PASS internal/namespaces/mcp/server.TestMcpServerList/Basic (0.07s)
PASS internal/namespaces/mcp/server.TestMcpServerList/With_Comma-Separated_Resources (0.05s)
PASS internal/namespaces/mcp/server.TestMcpServerList/With_Comma-Separated_Namespaces (0.05s)
PASS internal/namespaces/mcp/server.TestMcpServerList/With_Combined_Filters (0.04s)
PASS internal/namespaces/mcp/server.TestMcpServerList/With_Namespace_Filter_That_Matches_Nothing (0.05s)
PASS internal/namespaces/mcp/server.TestMcpServerList/With_ReadOnly_Filter (0.05s)
PASS internal/namespaces/mcp/server.TestMcpServerList/With_Verb_Filter (0.04s)
PASS internal/namespaces/mcp/server.TestMcpServerList/With_Resource_Filter (0.07s)
PASS internal/namespaces/mcp/server.TestMcpServerList/With_Namespace_Filter (0.05s)
PASS internal/namespaces/mcp/server.TestMcpServerList/With_All_Comma-Separated_Filters_Combined (0.04s)
PASS internal/namespaces/mcp/server.TestMcpServerList (0.00s)
PASS internal/namespaces/mcp/server.TestMcpServerListResources/Basic (0.06s)
PASS internal/namespaces/mcp/server.TestMcpServerListResources/With_Comma-Separated_Resources (0.05s)
PASS internal/namespaces/mcp/server.TestMcpServerListResources/With_Combined_Comma-Separated_Filters (0.05s)
PASS internal/namespaces/mcp/server.TestMcpServerListResources/With_ReadOnly_Filter (0.06s)
PASS internal/namespaces/mcp/server.TestMcpServerListResources/With_Comma-Separated_Namespaces (0.06s)
PASS internal/namespaces/mcp/server.TestMcpServerListResources/With_Resource_Filter (0.04s)
PASS internal/namespaces/mcp/server.TestMcpServerListResources/With_Namespace_Filter (0.07s)
PASS internal/namespaces/mcp/server.TestMcpServerListResources (0.00s)
PASS internal/namespaces/mcp/server.TestMcpServerServe/Help (0.04s)
PASS internal/namespaces/mcp/server.TestMcpServerServe (0.00s)
PASS internal/namespaces/mcp/server.TestSplitArg/empty_string (0.00s)
PASS internal/namespaces/mcp/server.TestSplitArg/single_value (0.00s)
PASS internal/namespaces/mcp/server.TestSplitArg/two_values (0.00s)
PASS internal/namespaces/mcp/server.TestSplitArg/three_values (0.00s)
PASS internal/namespaces/mcp/server.TestSplitArg/with_spaces (0.00s)
PASS internal/namespaces/mcp/server.TestSplitArg (0.00s)
PASS internal/namespaces/mcp/server.TestShouldRegisterCommand/Should_register_visible_command (0.00s)
PASS internal/namespaces/mcp/server.TestShouldRegisterCommand/Should_not_register_hidden_command (0.00s)
PASS internal/namespaces/mcp/server.TestShouldRegisterCommand/Should_not_register_command_without_Run_function (0.00s)
PASS internal/namespaces/mcp/server.TestShouldRegisterCommand/Should_not_register_excluded_namespace (0.00s)
PASS internal/namespaces/mcp/server.TestShouldRegisterCommand/Should_not_register_excluded_verb (0.00s)
PASS internal/namespaces/mcp/server.TestShouldRegisterCommand/Should_not_register_command_in_readOnly_mode_if_not_read-only_operation (0.00s)
PASS internal/namespaces/mcp/server.TestShouldRegisterCommand/Should_register_get_command_in_readOnly_mode (0.00s)
PASS internal/namespaces/mcp/server.TestShouldRegisterCommand/Should_register_list_command_in_readOnly_mode (0.00s)
PASS internal/namespaces/mcp/server.TestShouldRegisterCommand/Should_filter_by_enabled_namespace (0.00s)
PASS internal/namespaces/mcp/server.TestShouldRegisterCommand/Should_filter_by_enabled_resource (0.00s)
PASS internal/namespaces/mcp/server.TestShouldRegisterCommand/Should_filter_by_enabled_verb (0.00s)
PASS internal/namespaces/mcp/server.TestShouldRegisterCommand (0.00s)
PASS internal/namespaces/mcp/server.TestShouldLoadCommand_WithEnabledNamespaces/command_in_enabled_namespace (0.00s)
PASS internal/namespaces/mcp/server.TestShouldLoadCommand_WithEnabledNamespaces/command_not_in_enabled_namespace (0.00s)
PASS internal/namespaces/mcp/server.TestShouldLoadCommand_WithEnabledNamespaces/no_enabled_namespaces_allows_all (0.00s)
PASS internal/namespaces/mcp/server.TestShouldLoadCommand_WithEnabledNamespaces/excluded_namespace_takes_precedence (0.00s)
PASS internal/namespaces/mcp/server.TestShouldLoadCommand_WithEnabledNamespaces (0.00s)
PASS internal/namespaces/mcp/server.TestShouldLoadCommand_WithEnabledResources/command_with_enabled_resource (0.00s)
PASS internal/namespaces/mcp/server.TestShouldLoadCommand_WithEnabledResources/command_with_non-enabled_resource (0.00s)
PASS internal/namespaces/mcp/server.TestShouldLoadCommand_WithEnabledResources/no_enabled_resources_allows_all (0.00s)
PASS internal/namespaces/mcp/server.TestShouldLoadCommand_WithEnabledResources (0.00s)
PASS internal/namespaces/mcp/server.TestShouldLoadCommand_WithEnabledVerbs/command_with_enabled_verb (0.00s)
PASS internal/namespaces/mcp/server.TestShouldLoadCommand_WithEnabledVerbs/command_with_non-enabled_verb (0.00s)
PASS internal/namespaces/mcp/server.TestShouldLoadCommand_WithEnabledVerbs/no_enabled_verbs_allows_all (0.00s)
PASS internal/namespaces/mcp/server.TestShouldLoadCommand_WithEnabledVerbs/excluded_verb_takes_precedence (0.00s)
PASS internal/namespaces/mcp/server.TestShouldLoadCommand_WithEnabledVerbs (0.00s)
PASS internal/namespaces/mcp/server.TestShouldLoadCommand_WithCombinedFilters/all_filters_match (0.00s)
PASS internal/namespaces/mcp/server.TestShouldLoadCommand_WithCombinedFilters/namespace_does_not_match (0.00s)
PASS internal/namespaces/mcp/server.TestShouldLoadCommand_WithCombinedFilters/resource_does_not_match (0.00s)
PASS internal/namespaces/mcp/server.TestShouldLoadCommand_WithCombinedFilters/verb_does_not_match (0.00s)
PASS internal/namespaces/mcp/server.TestShouldLoadCommand_WithCombinedFilters/only_namespace_filter_set (0.00s)
PASS internal/namespaces/mcp/server.TestShouldLoadCommand_WithCombinedFilters/only_resource_filter_set (0.00s)
PASS internal/namespaces/mcp/server.TestShouldLoadCommand_WithCombinedFilters/only_verb_filter_set (0.00s)
PASS internal/namespaces/mcp/server.TestShouldLoadCommand_WithCombinedFilters (0.00s)
PASS internal/namespaces/mcp/server.TestShouldLoadCommand_WithReadOnlyAndFilters/read-only_mode_with_matching_verb_and_namespace (0.00s)
PASS internal/namespaces/mcp/server.TestShouldLoadCommand_WithReadOnlyAndFilters/read-only_mode_with_non-read-only_verb (0.00s)
PASS internal/namespaces/mcp/server.TestShouldLoadCommand_WithReadOnlyAndFilters/read-only_mode_with_namespace_not_matching (0.00s)
PASS internal/namespaces/mcp/server.TestShouldLoadCommand_WithReadOnlyAndFilters (0.00s)
PASS internal/namespaces/mcp/server.TestCommandNameToToolName/namespace_only (0.00s)
PASS internal/namespaces/mcp/server.TestCommandNameToToolName/namespace_and_resource (0.00s)
PASS internal/namespaces/mcp/server.TestCommandNameToToolName/full_command (0.00s)
PASS internal/namespaces/mcp/server.TestCommandNameToToolName (0.00s)
PASS internal/namespaces/mcp/server.TestCommandToolExecuteStructuredContent (0.00s)
PASS internal/namespaces/mcp/server.TestCommandToolExecuteNilSlice (0.00s)
PASS internal/namespaces/mcp/server.TestCommandToolExecuteAppliesDefaultValues (0.00s)
PASS internal/namespaces/mcp/server.TestCommandToolExecute (0.00s)
PASS internal/namespaces/mcp/server.TestCommandToolExecuteWithKebabCase (0.00s)
PASS internal/namespaces/mcp/server.TestToolMetaSerialization (0.20s)
PASS internal/namespaces/mcp/server.TestCommandToolExecutePanicRecovery (0.00s)
PASS internal/namespaces/mcp/server.TestCommandToFlatArgsSchema (0.00s)
PASS internal/namespaces/mcp/server.TestArgSpecToJSONSchema (0.00s)
PASS internal/namespaces/mcp/server
EMPTY internal/namespaces/messageq/v1alpha1
PASS internal/namespaces/mnq/v1beta1.Test_CreateContext/Simple (0.46s)
PASS internal/namespaces/mnq/v1beta1.Test_CreateContext (0.00s)
PASS internal/namespaces/mnq/v1beta1.Test_CreateContextWithWrongId/Wrong_Account_ID (0.02s)
PASS internal/namespaces/mnq/v1beta1.Test_CreateContextWithWrongId (0.00s)
PASS internal/namespaces/mnq/v1beta1.Test_CreateContextWithNoAccount/With_No_Nats_Account (0.04s)
PASS internal/namespaces/mnq/v1beta1.Test_CreateContextWithNoAccount (0.00s)
PASS internal/namespaces/mnq/v1beta1.Test_CreateContextNoInteractiveTermAndMultiAccount/Multi_Nats_Account_and_no_ID (0.62s)
PASS internal/namespaces/mnq/v1beta1.Test_CreateContextNoInteractiveTermAndMultiAccount (0.00s)
PASS internal/namespaces/mnq/v1beta1.Test_CreateContextWithXDGConfigHome/XDG_CONFIG_HOME_compliance (0.48s)
PASS internal/namespaces/mnq/v1beta1.Test_CreateContextWithXDGConfigHome (0.00s)
PASS internal/namespaces/mnq/v1beta1
EMPTY internal/namespaces/mongodb/v1
EMPTY internal/namespaces/mongodb/v1alpha1
PASS internal/namespaces/object/v1.Test_BucketCorsCreate/Simple (5.15s)
PASS internal/namespaces/object/v1.Test_BucketCorsCreate (0.00s)
PASS internal/namespaces/object/v1.Test_BucketCorsDelete/Simple (5.39s)
PASS internal/namespaces/object/v1.Test_BucketCorsDelete (0.00s)
PASS internal/namespaces/object/v1.Test_BucketCorsGet/Simple (1.32s)
PASS internal/namespaces/object/v1.Test_BucketCorsGet (0.00s)
PASS internal/namespaces/object/v1.Test_BucketLifecycleCreate/Empty (5.03s)
PASS internal/namespaces/object/v1.Test_BucketLifecycleCreate/Simple (1.17s)
PASS internal/namespaces/object/v1.Test_BucketLifecycleCreate/Empty_rules (0.93s)
PASS internal/namespaces/object/v1.Test_BucketLifecycleCreate (0.00s)
PASS internal/namespaces/object/v1.Test_BucketLifecycleDelete/Simple (5.06s)
PASS internal/namespaces/object/v1.Test_BucketLifecycleDelete (0.00s)
PASS internal/namespaces/object/v1.Test_BucketLifecycleGet/Simple (5.19s)
PASS internal/namespaces/object/v1.Test_BucketLifecycleGet (0.00s)
PASS internal/namespaces/object/v1.Test_BucketPolicyCreate/Simple (1.76s)
PASS internal/namespaces/object/v1.Test_BucketPolicyCreate (0.00s)
PASS internal/namespaces/object/v1.Test_BucketPolicyDelete/Simple (1.31s)
PASS internal/namespaces/object/v1.Test_BucketPolicyDelete (0.00s)
PASS internal/namespaces/object/v1.Test_BucketPolicyGet/Simple (1.52s)
PASS internal/namespaces/object/v1.Test_BucketPolicyGet (0.00s)
PASS internal/namespaces/object/v1.Test_BucketCreate/Simple (4.36s)
PASS internal/namespaces/object/v1.Test_BucketCreate/With_versioning (0.93s)
PASS internal/namespaces/object/v1.Test_BucketCreate/With_ACL (4.57s)
PASS internal/namespaces/object/v1.Test_BucketCreate/With_tags (0.95s)
PASS internal/namespaces/object/v1.Test_BucketCreate (0.00s)
PASS internal/namespaces/object/v1.Test_BucketDelete/Simple (3.99s)
PASS internal/namespaces/object/v1.Test_BucketDelete (0.00s)
PASS internal/namespaces/object/v1.Test_BucketGet/With_size (5.32s)
PASS internal/namespaces/object/v1.Test_BucketGet/Simple (5.04s)
PASS internal/namespaces/object/v1.Test_BucketGet (0.00s)
PASS internal/namespaces/object/v1.Test_BucketList/Simple (6.29s)
PASS internal/namespaces/object/v1.Test_BucketList (0.00s)
PASS internal/namespaces/object/v1.Test_BucketUpdate/Tags (5.14s)
PASS internal/namespaces/object/v1.Test_BucketUpdate/All_options (5.37s)
PASS internal/namespaces/object/v1.Test_BucketUpdate (0.00s)
PASS internal/namespaces/object/v1.Test_ConfigGet/Default/rclone (0.00s)
PASS internal/namespaces/object/v1.Test_ConfigGet/Default/s3cmd (0.00s)
PASS internal/namespaces/object/v1.Test_ConfigGet/Default/mc (0.00s)
PASS internal/namespaces/object/v1.Test_ConfigGet/Default (0.00s)
PASS internal/namespaces/object/v1.Test_ConfigGet/With_region/rclone (0.00s)
PASS internal/namespaces/object/v1.Test_ConfigGet/With_region/s3cmd (0.00s)
PASS internal/namespaces/object/v1.Test_ConfigGet/With_region/mc (0.00s)
PASS internal/namespaces/object/v1.Test_ConfigGet/With_region (0.00s)
PASS internal/namespaces/object/v1.Test_ConfigGet (0.00s)
PASS internal/namespaces/object/v1.Test_ConfigInstall/NoExistingConfig/rclone (0.17s)
PASS internal/namespaces/object/v1.Test_ConfigInstall/NoExistingConfig/s3cmd (0.14s)
PASS internal/namespaces/object/v1.Test_ConfigInstall/NoExistingConfig/mc (0.13s)
PASS internal/namespaces/object/v1.Test_ConfigInstall/NoExistingConfig (0.00s)
PASS internal/namespaces/object/v1.Test_ConfigInstall (0.43s)
PASS internal/namespaces/object/v1.Test_FormatAccessKey/standard_access_key (0.00s)
PASS internal/namespaces/object/v1.Test_FormatAccessKey/access_key_with_project_id,_should_not_change (0.00s)
PASS internal/namespaces/object/v1.Test_FormatAccessKey/access_key_with_project_id,_should_be_replaced_with_arg (0.00s)
PASS internal/namespaces/object/v1.Test_FormatAccessKey/access_key_with_project_id,_should_be_replaced_with_arg#01 (0.00s)
PASS internal/namespaces/object/v1.Test_FormatAccessKey/access_key_with_project_id,_should_be_replaced_with_default (0.00s)
PASS internal/namespaces/object/v1.Test_FormatAccessKey (0.00s)
PASS internal/namespaces/object/v1
EMPTY internal/namespaces/partner/v1
EMPTY internal/namespaces/product_catalog/v2alpha1
PASS internal/namespaces/rdb/v1.Test_AddACL/Simple (275.02s)
PASS internal/namespaces/rdb/v1.Test_AddACL/Multiple (214.18s)
PASS internal/namespaces/rdb/v1.Test_AddACL/Multiple_with_description (198.84s)
PASS internal/namespaces/rdb/v1.Test_AddACL/Simple_with_description (183.98s)
PASS internal/namespaces/rdb/v1.Test_AddACL (0.00s)
PASS internal/namespaces/rdb/v1.Test_DeleteACL/Simple (184.07s)
PASS internal/namespaces/rdb/v1.Test_DeleteACL/Multiple_when_not_set (199.76s)
PASS internal/namespaces/rdb/v1.Test_DeleteACL/Multiple_when_set (275.81s)
PASS internal/namespaces/rdb/v1.Test_DeleteACL (0.00s)
PASS internal/namespaces/rdb/v1.Test_SetACL/Simple (259.40s)
PASS internal/namespaces/rdb/v1.Test_SetACL/Multiple_with_partial_descriptions (199.25s)
PASS internal/namespaces/rdb/v1.Test_SetACL/Multiple_with_general_description_and_specific_descriptions (229.61s)
PASS internal/namespaces/rdb/v1.Test_SetACL/Multiple_with_individual_descriptions (168.79s)
PASS internal/namespaces/rdb/v1.Test_SetACL/Multiple (230.26s)
PASS internal/namespaces/rdb/v1.Test_SetACL (0.00s)
PASS internal/namespaces/rdb/v1.Test_CreateBackup/Simple (260.89s)
PASS internal/namespaces/rdb/v1.Test_CreateBackup (0.00s)
PASS internal/namespaces/rdb/v1.Test_RestoreBackup/Simple (306.21s)
PASS internal/namespaces/rdb/v1.Test_RestoreBackup (0.00s)
PASS internal/namespaces/rdb/v1.Test_ExportBackup/Simple (320.37s)
PASS internal/namespaces/rdb/v1.Test_ExportBackup (0.00s)
PASS internal/namespaces/rdb/v1.Test_DownloadBackup/Simple (262.06s)
PASS internal/namespaces/rdb/v1.Test_DownloadBackup/With_no_previous_export_backup (247.00s)
PASS internal/namespaces/rdb/v1.Test_DownloadBackup (0.00s)
PASS internal/namespaces/rdb/v1.Test_ListBackup/Simple (246.48s)
PASS internal/namespaces/rdb/v1.Test_ListBackup (0.00s)
PASS internal/namespaces/rdb/v1.Test_RenderPHPConfig/postgresql (0.00s)
PASS internal/namespaces/rdb/v1.Test_RenderPHPConfig/mysql (0.00s)
PASS internal/namespaces/rdb/v1.Test_RenderPHPConfig/private_network_comment (0.00s)
PASS internal/namespaces/rdb/v1.Test_RenderPHPConfig (0.00s)
PASS internal/namespaces/rdb/v1.Test_RenderNodeConfig (0.00s)
PASS internal/namespaces/rdb/v1.Test_RenderTypeScriptConfig (0.00s)
PASS internal/namespaces/rdb/v1.Test_RenderPythonConfig/postgresql (0.00s)
PASS internal/namespaces/rdb/v1.Test_RenderPythonConfig/mysql (0.00s)
PASS internal/namespaces/rdb/v1.Test_RenderPythonConfig (0.00s)
PASS internal/namespaces/rdb/v1.Test_RenderGoConfig/postgresql (0.00s)
PASS internal/namespaces/rdb/v1.Test_RenderGoConfig/mysql (0.00s)
PASS internal/namespaces/rdb/v1.Test_RenderGoConfig (0.00s)
PASS internal/namespaces/rdb/v1.Test_RenderRustConfig (0.00s)
PASS internal/namespaces/rdb/v1.Test_EndpointCreate/Public (200.34s)
PASS internal/namespaces/rdb/v1.Test_EndpointCreate/Private_IPAM (278.44s)
PASS internal/namespaces/rdb/v1.Test_EndpointCreate/Private_static (232.38s)
PASS internal/namespaces/rdb/v1.Test_EndpointCreate (0.00s)
PASS internal/namespaces/rdb/v1.Test_EndpointDelete/Public (217.08s)
PASS internal/namespaces/rdb/v1.Test_EndpointDelete/All (244.48s)
PASS internal/namespaces/rdb/v1.Test_EndpointDelete/Private (262.83s)
PASS internal/namespaces/rdb/v1.Test_EndpointDelete (0.00s)
PASS internal/namespaces/rdb/v1.Test_EndpointGet/Public (307.54s)
PASS internal/namespaces/rdb/v1.Test_EndpointGet/Private (247.04s)
PASS internal/namespaces/rdb/v1.Test_EndpointGet (0.00s)
PASS internal/namespaces/rdb/v1.Test_EndpointList/Multiple_endpoints (277.16s)
PASS internal/namespaces/rdb/v1.Test_EndpointList (0.00s)
PASS internal/namespaces/rdb/v1.Test_ListEngineSettings/Simple (0.08s)
PASS internal/namespaces/rdb/v1.Test_ListEngineSettings/Lowercase (0.07s)
PASS internal/namespaces/rdb/v1.Test_ListEngineSettings (0.00s)
PASS internal/namespaces/rdb/v1.Test_EngineList/Simple (0.18s)
PASS internal/namespaces/rdb/v1.Test_EngineList (0.00s)
PASS internal/namespaces/rdb/v1.Test_ListInstance/Simple (153.22s)
PASS internal/namespaces/rdb/v1.Test_ListInstance (0.00s)
PASS internal/namespaces/rdb/v1.Test_CloneInstance/Simple (411.55s)
PASS internal/namespaces/rdb/v1.Test_CloneInstance (0.00s)
=== RUN   Test_CreateInstance/Simple
=== PAUSE Test_CreateInstance/Simple
=== CONT  Test_CreateInstance/Simple
The argument 'is-ha-cluster' is deprecated, more info with: scw rdb instance create --help
--- FAIL: Test_CreateInstance/Simple (0.32s)
FAIL internal/namespaces/rdb/v1.Test_CreateInstance/Simple (0.32s)
=== RUN   Test_CreateInstance
--- FAIL: Test_CreateInstance (0.32s)
panic: interface conversion: interface {} is nil, not rdb.CreateInstanceResult [recovered, repanicked]

goroutine 3717 [running]:
testing.tRunner.func1.2({0x1095640, 0x7700dbf3d40})
	/home/romain/.local/share/mise/installs/go/1.27.1/src/testing/testing.go:2123 +0x232
testing.tRunner.func1()
	/home/romain/.local/share/mise/installs/go/1.27.1/src/testing/testing.go:2126 +0x329
panic({0x1095640?, 0x7700dbf3d40?})
	/home/romain/.local/share/mise/installs/go/1.27.1/src/runtime/panic.go:859 +0x125
github.com/scaleway/scaleway-cli/v2/internal/namespaces/rdb/v1_test.Test_CreateInstance.func1(0x7700d95ed88, 0x7700da695f0)
	/home/romain/dev/scaleway-cli/go-vcr-v4/internal/namespaces/rdb/v1/custom_instance_test.go:61 +0x86
github.com/scaleway/scaleway-cli/v2/core.TestCheckCombine.func1(0x7700d95ed88, 0x7700da695f0)
	/home/romain/dev/scaleway-cli/go-vcr-v4/core/testing.go:706 +0x52
github.com/scaleway/scaleway-cli/v2/core.Test.func1(0x7700d95ed88)
	/home/romain/dev/scaleway-cli/go-vcr-v4/core/testing.go:501 +0xfe2
testing.tRunner(0x7700d95ed88, 0x7700dea0420)
	/home/romain/.local/share/mise/installs/go/1.27.1/src/testing/testing.go:2193 +0xea
created by testing.(*T).Run in goroutine 3716
	/home/romain/.local/share/mise/installs/go/1.27.1/src/testing/testing.go:2258 +0x4d4
FAIL internal/namespaces/rdb/v1.Test_CreateInstance (0.32s)
FAIL internal/namespaces/rdb/v1
PASS internal/namespaces/redis/v1.Test_Endpoints/Single_public_endpoint (334.47s)
PASS internal/namespaces/redis/v1.Test_Endpoints/Two_static_private_endpoints (325.09s)
PASS internal/namespaces/redis/v1.Test_Endpoints/Single_static_private_endpoint (397.36s)
PASS internal/namespaces/redis/v1.Test_Endpoints (0.00s)
PASS internal/namespaces/redis/v1.Test_IpamConfig/Single_IPAM_private_endpoint (443.85s)
PASS internal/namespaces/redis/v1.Test_IpamConfig/Both_IPAM_and_Static_private_endpoints (370.94s)
PASS internal/namespaces/redis/v1.Test_IpamConfig/Two_IPAM_private_endpoints (325.91s)
PASS internal/namespaces/redis/v1.Test_IpamConfig (0.00s)
PASS internal/namespaces/redis/v1.Test_EndpointsEdgeCases/Private_endpoint_with_both_attributes_set (62.93s)
PASS internal/namespaces/redis/v1.Test_EndpointsEdgeCases/Private_endpoint_with_none_set (62.92s)
PASS internal/namespaces/redis/v1.Test_EndpointsEdgeCases (0.00s)
PASS internal/namespaces/redis/v1.TestRedisVersionSettingsCommand/List_settings_for_Redis_version (0.05s)
PASS internal/namespaces/redis/v1.TestRedisVersionSettingsCommand (0.00s)
PASS internal/namespaces/redis/v1
PASS internal/namespaces/registry/v1.TestRegistryInstallDockerHelperCommand/Simple (0.11s)
PASS internal/namespaces/registry/v1.TestRegistryInstallDockerHelperCommand/With_profile (0.07s)
PASS internal/namespaces/registry/v1.TestRegistryInstallDockerHelperCommand (0.00s)
PASS internal/namespaces/registry/v1.TestRegistryDockerHelperGetCommand/Simple (0.00s)
PASS internal/namespaces/registry/v1.TestRegistryDockerHelperGetCommand (0.00s)
PASS internal/namespaces/registry/v1.TestRegistryDockerHelperListCommand/Simple (0.00s)
PASS internal/namespaces/registry/v1.TestRegistryDockerHelperListCommand (0.00s)
PASS internal/namespaces/registry/v1.Test_ImageList/Simple (24.71s)
PASS internal/namespaces/registry/v1.Test_ImageList (0.00s)
PASS internal/namespaces/registry/v1.Test_Login/docker (0.00s)
PASS internal/namespaces/registry/v1.Test_Login/podman (0.02s)
PASS internal/namespaces/registry/v1.Test_Login (0.00s)
PASS internal/namespaces/registry/v1.Test_Logout/docker (0.00s)
PASS internal/namespaces/registry/v1.Test_Logout/podman (0.02s)
PASS internal/namespaces/registry/v1.Test_Logout (0.00s)
PASS internal/namespaces/registry/v1.Test_RegistryTagDelete/simple (3.69s)
PASS internal/namespaces/registry/v1.Test_RegistryTagDelete/timeout-ok (4.44s)
PASS internal/namespaces/registry/v1.Test_RegistryTagDelete (0.00s)
PASS internal/namespaces/registry/v1
EMPTY internal/namespaces/s2s_vpn/v1alpha1
EMPTY internal/namespaces/search/v1alpha1
EMPTY internal/namespaces/searchdb/v1alpha1
PASS internal/namespaces/secret/v1beta1.Test_AccessSecret/Simple (0.65s)
PASS internal/namespaces/secret/v1beta1.Test_AccessSecret (0.00s)
PASS internal/namespaces/secret/v1beta1
EMPTY internal/namespaces/serverless_sqldb/v1alpha1
EMPTY internal/namespaces/shell
EMPTY internal/namespaces/tem/v1alpha1
PASS internal/namespaces/test/custom.Test_AnonymousFields/Usage (0.00s)
PASS internal/namespaces/test/custom.Test_AnonymousFields (0.00s)
PASS internal/namespaces/test/custom
EMPTY internal/namespaces/test/v1
EMPTY internal/namespaces/version
PASS internal/namespaces/vpc/v2.Test_GetPrivateNetwork/Simple (5.53s)
PASS internal/namespaces/vpc/v2.Test_GetPrivateNetwork/Multiple (677.44s)
PASS internal/namespaces/vpc/v2.Test_GetPrivateNetwork (0.00s)
PASS internal/namespaces/vpc/v2
EMPTY internal/namespaces/vpcgw/v2
PASS internal/namespaces/webhosting/v1.Test_ListOffer/Simple (0.17s)
PASS internal/namespaces/webhosting/v1.Test_ListOffer (0.00s)
PASS internal/namespaces/webhosting/v1
PASS internal/passwordgenerator.TestPassword (0.00s)
PASS internal/passwordgenerator (cached)
PASS internal/pkg/shlex.TestClassifier (0.00s)
PASS internal/pkg/shlex.TestTokenizer (0.00s)
PASS internal/pkg/shlex.TestLexer (0.00s)
PASS internal/pkg/shlex.TestSplit (0.00s)
PASS internal/pkg/shlex (cached)
EMPTY internal/platform
EMPTY internal/platform/terminal
EMPTY internal/platform/web
EMPTY internal/qa
EMPTY internal/sentry
EMPTY internal/sshconfig
PASS internal/tabwriter.Test (0.00s)
PASS internal/tabwriter.TestPanicDuringFlush (0.00s)
PASS internal/tabwriter.TestPanicDuringWrite (0.00s)
PASS internal/tabwriter (cached)
PASS internal/tasks.TestGeneric (0.00s)
PASS internal/tasks.TestInvalidGeneric (0.00s)
PASS internal/tasks.TestCleanup (0.00s)
PASS internal/tasks.TestCleanupOnContext (0.00s)
PASS internal/tasks (cached)
EMPTY internal/terminal
EMPTY internal/testhelpers
=== RUN   Test_CreateInstance/With_password_generator
=== PAUSE Test_CreateInstance/With_password_generator
FAIL internal/namespaces/rdb/v1.Test_CreateInstance/With_password_generator (-1.00s)

=== Skipped
=== SKIP: core TestInterruptError (0.00s)
    bootstrap_test.go:16: Test API not available

=== SKIP: internal/e2e TestStandardErrors (0.00s)
    errors_test.go:11: Test API not available

=== SKIP: internal/e2e TestTestCommand (0.00s)
    human_test.go:11: Test API not available

=== SKIP: internal/e2e TestHumanCreate (0.00s)
    human_test.go:26: Test API not available

=== SKIP: internal/e2e TestHumanList (0.00s)
    human_test.go:72: Test API not available

=== SKIP: internal/e2e TestHumanUpdate (0.00s)
    human_test.go:101: Test API not available

=== SKIP: internal/e2e TestHumanGet (0.00s)
    human_test.go:140: Test API not available

=== SKIP: internal/e2e TestHumanDelete (0.00s)
    human_test.go:189: Test API not available

=== SKIP: internal/e2e TestSdkStandardErrors (0.00s)
    sdk_errors_test.go:20: Test API not available

=== SKIP: internal/namespaces/applesilicon/v1alpha1 Test_ServerSSH (0.00s)
    custom_server_ssh_test.go:11: Cannot run test as it's lock for 24h before deletion

=== SKIP: internal/namespaces/init Test_InitAutocomplete/darwin (0.00s)

=== SKIP: internal/namespaces/init Test_InitAutocomplete/windows (0.00s)

=== SKIP: internal/namespaces/instance/v1 Test_ImageUpdate/Add_extra_volume (0.00s)
    custom_image_test.go:255: Skipping 'Add extra volume' test temporarily

=== SKIP: internal/namespaces/instance/v1 Test_ServerVolumeUpdate (0.00s)
    custom_server_test.go:21: Skipping temporarily

=== SKIP: internal/namespaces/instance/v1 Test_ServerDelete/with_sbs_volumes (0.00s)
    custom_server_test.go:421: Skipping 'with sbs volumes' test temporarily

=== SKIP: internal/namespaces/instance/v1 Test_UpdateSnapshot (0.00s)
    custom_snapshot_test.go:13: Skipping 'UpdateSnapshot' test temporarily

=== SKIP: internal/namespaces/lb/v1 Test_GetK8sTaggedLB (0.00s)
    custom_lb_test.go:129: Skipping test as this uses kubectl commands

=== Failed
=== FAIL: internal/namespaces/instance/v1 Test_CreateServer/Volumes/sbs_additional_volumes_from_id (6.32s)
skipping root volume validation
    testing.go:432: 
        	Error Trace:	/home/romain/dev/scaleway-cli/go-vcr-v4/core/testing.go:432
        	            				/home/romain/dev/scaleway-cli/go-vcr-v4/core/testing.go:695
        	            				/home/romain/dev/scaleway-cli/go-vcr-v4/core/testing.go:584
        	            				/home/romain/dev/scaleway-cli/go-vcr-v4/core/testing.go:518
        	Error:      	Received unexpected error:
        	            	scaleway-sdk-go: http error 500 Internal Server Error: Internal error
        	Test:       	Test_CreateServer/Volumes/sbs_additional_volumes_from_id
        	Messages:   	error executing cmd ([scw instance server delete 3e49ce5c-cdf3-44fa-8e74-5b0d5d09be9b with-volumes=all with-ip=true force-shutdown=true])
        	            	stdout: 
        	            	stderr: Internal error

=== FAIL: internal/namespaces/instance/v1 Test_CreateServer/Volumes/valid_double_snapshot (0.72s)
    testing.go:432: 
        	Error Trace:	/home/romain/dev/scaleway-cli/go-vcr-v4/core/testing.go:432
        	            				/home/romain/dev/scaleway-cli/go-vcr-v4/core/testing.go:625
        	            				/home/romain/dev/scaleway-cli/go-vcr-v4/core/testing.go:545
        	            				/home/romain/dev/scaleway-cli/go-vcr-v4/core/testing.go:447
        	Error:      	Received unexpected error:
        	            	scaleway-sdk-go: resource volume with ID 02d221bf-a303-4711-8a05-21fbfe393fbd is in a transient state: in_use
        	Test:       	Test_CreateServer/Volumes/valid_double_snapshot
        	Messages:   	error executing cmd ([scw block snapshot create volume-id=02d221bf-a303-4711-8a05-21fbfe393fbd -w])
        	            	stdout: 
        	            	stderr: Transient state error for resource 'volume'
        	            	
        	            	Details:
        	            	Resource volume with ID 02d221bf-a303-4711-8a05-21fbfe393fbd is in a transient state 'in_use'

=== FAIL: internal/namespaces/instance/v1 Test_CreateServer/Volumes (0.00s)

=== FAIL: internal/namespaces/instance/v1 Test_CreateServer (286.07s)

=== FAIL: internal/namespaces/instance/v1 Test_UserDataGet/Get_an_existing_key (1.05s)
skipping root volume validation
    testing.go:432: 
        	Error Trace:	/home/romain/dev/scaleway-cli/go-vcr-v4/core/testing.go:432
        	            				/home/romain/dev/scaleway-cli/go-vcr-v4/core/testing.go:695
        	            				/home/romain/dev/scaleway-cli/go-vcr-v4/internal/namespaces/instance/v1/helpers_test.go:80
        	            				/home/romain/dev/scaleway-cli/go-vcr-v4/core/testing.go:518
        	Error:      	Received unexpected error:
        	            	scaleway-sdk-go: http error 500 Internal Server Error: Internal error
        	Test:       	Test_UserDataGet/Get_an_existing_key
        	Messages:   	error executing cmd ([scw instance server delete 38fdf2a2-9c23-42bf-b0a9-29bf30a72b1e with-ip=true with-volumes=all])
        	            	stdout: 
        	            	stderr: Internal error

=== FAIL: internal/namespaces/instance/v1 Test_UserDataGet (0.00s)

=== FAIL: internal/namespaces/instance/v1 Test_UserDataFileUploadOn/cloud-init (0.99s)
skipping root volume validation
    testing.go:432: 
        	Error Trace:	/home/romain/dev/scaleway-cli/go-vcr-v4/core/testing.go:432
        	            				/home/romain/dev/scaleway-cli/go-vcr-v4/core/testing.go:695
        	            				/home/romain/dev/scaleway-cli/go-vcr-v4/internal/namespaces/instance/v1/helpers_test.go:80
        	            				/home/romain/dev/scaleway-cli/go-vcr-v4/core/testing.go:584
        	            				/home/romain/dev/scaleway-cli/go-vcr-v4/core/testing.go:518
        	            				/home/romain/.local/share/mise/installs/go/1.27.1/src/runtime/asm_amd64.s:1264
        	Error:      	Received unexpected error:
        	            	scaleway-sdk-go: http error 500 Internal Server Error: Internal error
        	Test:       	Test_UserDataFileUploadOn/cloud-init
        	Messages:   	error executing cmd ([scw instance server delete aca2a5d1-2964-4cc5-a57e-b23914f5e323 with-ip=true with-volumes=all])
        	            	stdout: 
        	            	stderr: Internal error

=== FAIL: internal/namespaces/instance/v1 Test_UserDataFileUploadOn (0.00s)

=== FAIL: internal/namespaces/rdb/v1 Test_CreateInstance/Simple (0.32s)
The argument 'is-ha-cluster' is deprecated, more info with: scw rdb instance create --help

=== FAIL: internal/namespaces/rdb/v1 Test_CreateInstance (0.32s)
panic: interface conversion: interface {} is nil, not rdb.CreateInstanceResult [recovered, repanicked]

goroutine 3717 [running]:
testing.tRunner.func1.2({0x1095640, 0x7700dbf3d40})
	/home/romain/.local/share/mise/installs/go/1.27.1/src/testing/testing.go:2123 +0x232
testing.tRunner.func1()
	/home/romain/.local/share/mise/installs/go/1.27.1/src/testing/testing.go:2126 +0x329
panic({0x1095640?, 0x7700dbf3d40?})
	/home/romain/.local/share/mise/installs/go/1.27.1/src/runtime/panic.go:859 +0x125
github.com/scaleway/scaleway-cli/v2/internal/namespaces/rdb/v1_test.Test_CreateInstance.func1(0x7700d95ed88, 0x7700da695f0)
	/home/romain/dev/scaleway-cli/go-vcr-v4/internal/namespaces/rdb/v1/custom_instance_test.go:61 +0x86
github.com/scaleway/scaleway-cli/v2/core.TestCheckCombine.func1(0x7700d95ed88, 0x7700da695f0)
	/home/romain/dev/scaleway-cli/go-vcr-v4/core/testing.go:706 +0x52
github.com/scaleway/scaleway-cli/v2/core.Test.func1(0x7700d95ed88)
	/home/romain/dev/scaleway-cli/go-vcr-v4/core/testing.go:501 +0xfe2
testing.tRunner(0x7700d95ed88, 0x7700dea0420)
	/home/romain/.local/share/mise/installs/go/1.27.1/src/testing/testing.go:2193 +0xea
created by testing.(*T).Run in goroutine 3716
	/home/romain/.local/share/mise/installs/go/1.27.1/src/testing/testing.go:2258 +0x4d4

=== FAIL: internal/namespaces/rdb/v1 Test_CreateInstance/With_password_generator (unknown)

DONE 2639 tests, 17 skipped, 11 failures in 20067.346s
